EmployeeID,JobInvolvement,PerformanceRating
1,3,3
2,2,4
3,3,3
4,2,3
5,3,3
6,3,3
7,3,4
8,3,4
9,3,4
10,3,3
11,2,3
12,3,3
13,3,3
14,2,3
15,3,3
16,3,3
17,2,3
18,3,3
19,2,3
20,3,3
21,3,3
22,2,4
23,3,3
24,1,3
25,3,3
26,3,3
27,3,4
28,3,3
29,2,3
30,2,3
31,2,3
32,2,3
33,3,3
34,3,3
35,3,3
36,3,3
37,3,3
38,3,3
39,2,3
40,2,3
41,2,3
42,2,3
43,3,3
44,3,3
45,2,4
46,3,3
47,3,4
48,3,4
49,3,4
50,2,3
51,2,3
52,2,3
53,3,4
54,3,3
55,3,3
56,3,3
57,3,4
58,3,3
59,3,4
60,3,3
61,3,4
62,4,3
63,4,3
64,4,3
65,3,3
66,2,3
67,3,3
68,2,3
69,3,3
70,3,3
71,3,3
72,4,4
73,3,3
74,3,3
75,3,3
76,3,4
77,3,3
78,3,3
79,3,3
80,3,4
81,2,3
82,2,3
83,3,3
84,3,3
85,3,3
86,3,3
87,4,3
88,2,4
89,3,3
90,4,3
91,1,4
92,2,4
93,2,3
94,3,3
95,2,3
96,3,3
97,3,4
98,3,3
99,3,3
100,2,3
101,1,4
102,3,3
103,1,3
104,3,3
105,1,3
106,1,4
107,4,3
108,3,3
109,4,3
110,3,3
111,2,4
112,3,4
113,3,3
114,4,3
115,3,3
116,3,3
117,2,3
118,3,3
119,3,4
120,3,3
121,3,4
122,3,3
123,3,3
124,3,3
125,3,3
126,2,3
127,3,3
128,2,3
129,3,3
130,2,3
131,2,3
132,2,3
133,3,3
134,2,3
135,2,4
136,3,4
137,2,3
138,2,3
139,3,3
140,4,3
141,2,4
142,3,3
143,1,4
144,3,3
145,3,3
146,2,3
147,2,3
148,3,3
149,2,4
150,3,3
151,3,3
152,2,3
153,3,4
154,3,3
155,2,3
156,3,3
157,2,3
158,3,4
159,3,3
160,2,3
161,4,4
162,2,3
163,3,3
164,2,3
165,3,3
166,3,3
167,3,3
168,3,3
169,3,4
170,3,4
171,2,3
172,2,4
173,3,3
174,3,3
175,4,3
176,2,3
177,3,3
178,2,4
179,3,4
180,3,3
181,1,4
182,2,3
183,4,4
184,2,3
185,3,3
186,3,3
187,3,3
188,3,3
189,2,3
190,2,3
191,3,3
192,3,3
193,2,3
194,3,3
195,3,4
196,3,3
197,2,3
198,3,3
199,3,3
200,4,3
201,2,3
202,2,3
203,2,3
204,2,3
205,2,3
206,1,4
207,3,3
208,3,3
209,3,3
210,3,3
211,3,3
212,2,4
213,2,3
214,3,3
215,3,3
216,1,3
217,2,3
218,3,3
219,1,3
220,3,3
221,2,3
222,3,4
223,3,3
224,3,3
225,2,3
226,3,3
227,3,3
228,3,3
229,3,3
230,1,3
231,3,3
232,3,3
233,4,3
234,3,3
235,4,3
236,4,4
237,2,4
238,3,3
239,1,3
240,3,3
241,2,3
242,3,3
243,3,3
244,3,3
245,2,3
246,3,3
247,3,3
248,4,3
249,2,3
250,3,3
251,3,3
252,3,4
253,2,3
254,2,3
255,1,3
256,2,3
257,3,3
258,4,3
259,3,3
260,3,3
261,2,4
262,2,3
263,4,3
264,3,3
265,4,3
266,4,3
267,3,4
268,1,3
269,3,3
270,1,3
271,2,3
272,2,3
273,2,4
274,3,3
275,3,3
276,3,3
277,3,3
278,3,4
279,4,4
280,2,3
281,3,3
282,4,4
283,2,3
284,3,3
285,3,3
286,2,3
287,2,4
288,3,3
289,3,3
290,3,4
291,3,3
292,4,3
293,3,3
294,2,3
295,3,3
296,3,3
297,3,3
298,2,3
299,3,3
300,3,3
301,1,3
302,3,3
303,2,3
304,3,3
305,3,3
306,3,3
307,3,3
308,1,3
309,3,3
310,3,3
311,3,3
312,1,3
313,3,3
314,3,3
315,3,3
316,3,3
317,3,3
318,3,3
319,3,3
320,3,3
321,3,3
322,3,3
323,2,3
324,3,3
325,4,3
326,3,4
327,4,3
328,2,3
329,3,3
330,2,3
331,1,3
332,4,3
333,3,3
334,2,3
335,4,3
336,3,4
337,2,3
338,3,3
339,4,3
340,3,3
341,2,3
342,3,3
343,2,3
344,3,3
345,3,3
346,3,3
347,3,3
348,3,3
349,3,3
350,4,3
351,4,3
352,2,3
353,2,4
354,3,3
355,2,3
356,3,3
357,3,4
358,3,3
359,3,3
360,3,3
361,4,3
362,2,3
363,2,4
364,3,3
365,3,4
366,3,3
367,4,3
368,3,3
369,1,3
370,3,3
371,3,3
372,3,3
373,2,3
374,3,3
375,2,3
376,2,4
377,3,3
378,2,3
379,4,3
380,3,3
381,3,3
382,3,3
383,3,4
384,2,3
385,4,3
386,3,4
387,3,3
388,3,3
389,2,3
390,4,3
391,1,3
392,4,4
393,3,3
394,3,3
395,3,3
396,3,4
397,2,3
398,3,3
399,2,3
400,4,3
401,3,3
402,3,3
403,3,3
404,3,3
405,1,3
406,3,3
407,3,3
408,3,4
409,3,3
410,4,3
411,3,4
412,3,3
413,3,3
414,3,3
415,2,3
416,3,3
417,3,4
418,3,3
419,3,4
420,2,3
421,3,3
422,3,3
423,2,3
424,3,3
425,2,3
426,2,3
427,3,3
428,2,3
429,3,3
430,1,3
431,3,3
432,3,3
433,3,3
434,2,3
435,3,4
436,3,3
437,3,3
438,2,3
439,3,3
440,3,3
441,2,3
442,3,3
443,1,3
444,3,3
445,2,3
446,3,4
447,1,3
448,2,3
449,3,3
450,3,3
451,3,3
452,3,4
453,3,3
454,2,3
455,3,3
456,3,3
457,2,4
458,2,3
459,3,3
460,3,3
461,4,3
462,3,3
463,2,3
464,3,3
465,2,3
466,3,3
467,3,3
468,2,3
469,3,3
470,3,3
471,3,3
472,3,3
473,2,3
474,3,3
475,3,3
476,3,4
477,3,4
478,3,3
479,3,3
480,3,3
481,4,3
482,3,3
483,3,3
484,4,3
485,4,4
486,2,3
487,4,3
488,2,3
489,3,3
490,4,3
491,2,3
492,4,3
493,3,3
494,2,3
495,3,3
496,4,3
497,3,3
498,2,3
499,1,4
500,2,3
501,3,3
502,3,4
503,4,4
504,3,3
505,3,3
506,2,3
507,4,3
508,1,3
509,3,3
510,3,4
511,3,3
512,2,3
513,2,3
514,3,3
515,3,3
516,3,3
517,2,3
518,2,4
519,2,4
520,3,3
521,3,3
522,3,4
523,2,3
524,1,3
525,3,3
526,4,3
527,3,3
528,3,3
529,2,3
530,3,3
531,4,3
532,3,3
533,3,3
534,2,4
535,3,3
536,3,3
537,3,3
538,2,4
539,2,3
540,4,3
541,3,3
542,2,3
543,3,3
544,3,3
545,2,3
546,3,4
547,3,3
548,3,3
549,3,3
550,2,3
551,4,3
552,3,3
553,3,3
554,3,4
555,3,3
556,3,3
557,3,3
558,2,3
559,3,3
560,4,3
561,3,3
562,3,3
563,3,3
564,2,4
565,2,3
566,1,3
567,4,3
568,1,4
569,2,3
570,3,3
571,4,3
572,2,3
573,3,3
574,4,3
575,3,3
576,3,3
577,3,3
578,2,3
579,1,3
580,1,3
581,1,3
582,2,4
583,3,4
584,3,3
585,1,3
586,3,4
587,3,3
588,3,4
589,3,3
590,3,3
591,3,3
592,3,3
593,2,3
594,1,3
595,3,4
596,3,3
597,3,3
598,1,3
599,3,3
600,1,3
601,2,3
602,3,3
603,2,4
604,3,3
605,3,3
606,1,3
607,4,3
608,2,3
609,4,3
610,3,4
611,3,3
612,3,4
613,2,4
614,3,3
615,2,3
616,4,3
617,3,3
618,1,3
619,2,3
620,3,4
621,2,3
622,3,3
623,3,3
624,3,3
625,2,3
626,3,3
627,1,3
628,3,4
629,2,3
630,3,3
631,2,4
632,3,4
633,2,3
634,3,4
635,3,3
636,3,4
637,3,3
638,3,3
639,4,3
640,3,3
641,3,3
642,2,3
643,3,3
644,4,3
645,3,3
646,3,3
647,3,3
648,3,3
649,3,3
650,3,3
651,4,3
652,3,4
653,3,3
654,3,3
655,3,3
656,3,3
657,4,4
658,3,3
659,1,3
660,2,3
661,3,3
662,3,4
663,3,3
664,3,3
665,1,3
666,3,3
667,3,3
668,3,3
669,4,3
670,2,4
671,3,3
672,3,3
673,3,3
674,3,3
675,3,3
676,3,3
677,3,4
678,3,3
679,3,3
680,3,3
681,1,3
682,3,3
683,2,4
684,4,3
685,2,3
686,2,3
687,2,3
688,2,4
689,2,3
690,3,3
691,2,3
692,3,3
693,2,3
694,3,3
695,3,3
696,3,3
697,2,3
698,3,3
699,3,3
700,3,3
701,3,4
702,2,3
703,2,3
704,2,3
705,3,3
706,2,3
707,4,3
708,3,3
709,4,3
710,1,4
711,3,3
712,2,4
713,3,3
714,3,3
715,3,4
716,2,3
717,4,3
718,4,3
719,3,3
720,3,3
721,2,3
722,4,3
723,1,3
724,3,3
725,2,3
726,3,4
727,3,3
728,2,3
729,3,3
730,2,3
731,3,3
732,4,3
733,3,3
734,3,3
735,3,3
736,2,3
737,3,3
738,3,3
739,3,3
740,4,3
741,3,4
742,3,3
743,3,3
744,3,3
745,3,3
746,1,3
747,2,4
748,2,3
749,3,3
750,3,3
751,2,3
752,3,3
753,3,3
754,3,3
755,3,3
756,3,3
757,3,3
758,4,3
759,1,3
760,3,3
761,2,3
762,3,3
763,3,3
764,2,3
765,3,4
766,3,3
767,3,3
768,3,3
769,3,3
770,3,3
771,3,3
772,2,3
773,3,3
774,3,3
775,2,3
776,3,3
777,3,3
778,3,3
779,3,4
780,3,3
781,3,3
782,3,3
783,2,3
784,3,3
785,2,3
786,3,4
787,1,3
788,3,3
789,4,3
790,3,3
791,3,3
792,3,4
793,3,4
794,3,3
795,3,3
796,2,3
797,3,3
798,3,4
799,3,4
800,3,3
801,3,3
802,2,3
803,2,3
804,1,3
805,2,4
806,3,3
807,3,3
808,3,3
809,3,4
810,2,3
811,3,3
812,2,3
813,3,3
814,3,3
815,1,3
816,2,3
817,2,3
818,2,4
819,2,3
820,3,3
821,2,3
822,4,3
823,2,3
824,4,3
825,2,3
826,4,3
827,3,3
828,2,3
829,2,3
830,3,3
831,3,3
832,3,3
833,4,3
834,3,3
835,2,4
836,3,3
837,4,3
838,2,3
839,3,3
840,3,3
841,2,3
842,4,4
843,4,3
844,4,4
845,2,3
846,3,3
847,4,3
848,2,4
849,3,3
850,3,3
851,3,3
852,3,3
853,1,3
854,3,4
855,2,3
856,3,3
857,3,3
858,3,3
859,2,3
860,3,3
861,3,3
862,4,4
863,2,3
864,3,3
865,2,3
866,4,3
867,3,3
868,3,4
869,1,3
870,3,3
871,3,3
872,3,3
873,3,3
874,3,3
875,3,3
876,4,4
877,2,3
878,3,3
879,3,3
880,2,3
881,2,4
882,3,3
883,3,4
884,3,3
885,3,3
886,2,3
887,3,4
888,3,3
889,2,3
890,3,3
891,3,3
892,3,3
893,2,4
894,3,3
895,3,3
896,2,3
897,2,3
898,3,3
899,3,3
900,3,3
901,4,3
902,3,3
903,2,3
904,3,3
905,3,3
906,3,3
907,2,3
908,2,3
909,3,3
910,1,3
911,3,4
912,1,3
913,3,4
914,3,3
915,2,3
916,2,4
917,2,3
918,3,3
919,2,4
920,2,3
921,3,3
922,3,3
923,3,3
924,3,3
925,3,3
926,3,3
927,3,3
928,3,3
929,2,3
930,3,3
931,2,3
932,2,3
933,3,3
934,2,3
935,2,3
936,3,3
937,2,4
938,1,3
939,4,3
940,3,3
941,2,3
942,3,3
943,2,3
944,3,3
945,3,3
946,3,3
947,1,3
948,3,3
949,3,4
950,3,3
951,1,3
952,2,3
953,3,3
954,3,3
955,3,3
956,3,3
957,4,3
958,3,3
959,1,3
960,3,3
961,3,3
962,3,3
963,1,3
964,2,3
965,2,3
966,3,3
967,3,3
968,3,4
969,3,3
970,3,3
971,1,3
972,3,3
973,2,3
974,2,3
975,3,4
976,3,3
977,3,3
978,3,4
979,3,4
980,3,3
981,3,3
982,3,3
983,2,3
984,2,3
985,2,3
986,3,3
987,3,3
988,3,3
989,3,3
990,4,3
991,2,3
992,3,3
993,3,4
994,3,3
995,2,3
996,3,3
997,3,3
998,1,3
999,3,3
1000,3,3
1001,3,3
1002,3,3
1003,3,3
1004,2,3
1005,3,3
1006,3,3
1007,3,4
1008,3,3
1009,3,3
1010,2,4
1011,4,3
1012,3,3
1013,3,3
1014,4,3
1015,2,3
1016,3,3
1017,2,3
1018,3,3
1019,2,3
1020,4,3
1021,2,3
1022,4,3
1023,3,3
1024,3,4
1025,3,3
1026,3,3
1027,2,3
1028,3,3
1029,3,3
1030,3,3
1031,3,3
1032,3,3
1033,4,4
1034,3,3
1035,2,3
1036,3,3
1037,1,3
1038,2,3
1039,3,3
1040,2,3
1041,3,3
1042,3,3
1043,2,3
1044,3,3
1045,2,3
1046,3,3
1047,3,3
1048,2,3
1049,3,3
1050,3,3
1051,1,3
1052,2,3
1053,3,3
1054,3,4
1055,3,3
1056,2,3
1057,2,3
1058,3,3
1059,3,4
1060,3,3
1061,3,3
1062,3,3
1063,3,3
1064,2,3
1065,3,4
1066,2,3
1067,3,3
1068,3,3
1069,3,3
1070,3,3
1071,4,3
1072,3,4
1073,2,3
1074,2,3
1075,2,3
1076,4,4
1077,3,4
1078,3,3
1079,3,3
1080,4,3
1081,3,3
1082,3,3
1083,2,3
1084,3,3
1085,3,3
1086,2,3
1087,4,3
1088,2,4
1089,2,3
1090,1,3
1091,3,3
1092,2,3
1093,2,4
1094,4,3
1095,3,3
1096,3,3
1097,3,4
1098,3,3
1099,3,3
1100,3,3
1101,2,4
1102,3,3
1103,4,4
1104,4,3
1105,3,3
1106,3,3
1107,3,3
1108,3,3
1109,3,3
1110,3,3
1111,3,3
1112,3,3
1113,3,3
1114,3,3
1115,3,3
1116,3,3
1117,3,4
1118,3,3
1119,3,4
1120,2,3
1121,3,3
1122,3,3
1123,3,3
1124,3,3
1125,4,3
1126,1,3
1127,3,3
1128,2,3
1129,4,3
1130,4,4
1131,4,3
1132,3,3
1133,2,3
1134,2,3
1135,1,3
1136,3,3
1137,2,3
1138,3,3
1139,3,3
1140,3,3
1141,3,3
1142,3,3
1143,2,3
1144,2,3
1145,3,3
1146,2,3
1147,3,3
1148,3,3
1149,4,3
1150,1,3
1151,3,3
1152,2,4
1153,2,3
1154,3,3
1155,2,3
1156,3,3
1157,2,3
1158,3,3
1159,3,3
1160,3,3
1161,3,3
1162,1,3
1163,1,3
1164,2,3
1165,2,3
1166,3,3
1167,3,4
1168,2,3
1169,3,3
1170,2,3
1171,3,3
1172,3,3
1173,2,3
1174,3,3
1175,3,3
1176,3,4
1177,3,3
1178,3,3
1179,3,3
1180,4,3
1181,3,3
1182,3,3
1183,2,3
1184,2,4
1185,3,4
1186,2,4
1187,3,4
1188,4,3
1189,3,3
1190,3,3
1191,3,3
1192,3,3
1193,3,3
1194,2,4
1195,2,3
1196,2,3
1197,4,3
1198,3,3
1199,2,4
1200,3,3
1201,3,3
1202,2,3
1203,3,3
1204,3,3
1205,4,3
1206,3,3
1207,3,4
1208,3,3
1209,3,3
1210,3,4
1211,2,3
1212,3,3
1213,3,3
1214,3,4
1215,3,3
1216,3,3
1217,2,3
1218,2,3
1219,3,3
1220,3,3
1221,3,3
1222,3,4
1223,3,3
1224,2,3
1225,3,3
1226,2,3
1227,3,3
1228,4,3
1229,3,3
1230,4,3
1231,3,3
1232,3,3
1233,2,3
1234,3,3
1235,3,3
1236,3,3
1237,1,3
1238,3,3
1239,3,3
1240,2,4
1241,3,3
1242,1,3
1243,3,3
1244,3,4
1245,3,3
1246,3,3
1247,2,3
1248,2,3
1249,2,3
1250,3,3
1251,2,3
1252,2,3
1253,3,3
1254,2,3
1255,3,3
1256,3,4
1257,1,3
1258,3,3
1259,2,3
1260,2,3
1261,3,3
1262,3,3
1263,1,3
1264,3,4
1265,3,3
1266,3,3
1267,3,4
1268,3,3
1269,3,4
1270,2,3
1271,3,3
1272,3,3
1273,3,3
1274,3,3
1275,3,3
1276,3,3
1277,3,3
1278,3,3
1279,3,3
1280,3,3
1281,3,3
1282,4,3
1283,2,3
1284,3,3
1285,1,4
1286,2,3
1287,3,3
1288,3,3
1289,4,3
1290,1,3
1291,3,3
1292,3,3
1293,3,3
1294,3,3
1295,3,3
1296,4,3
1297,3,3
1298,3,3
1299,3,4
1300,2,3
1301,4,4
1302,3,4
1303,2,3
1304,3,3
1305,3,3
1306,3,3
1307,2,3
1308,2,4
1309,3,4
1310,2,3
1311,4,3
1312,2,3
1313,3,3
1314,2,3
1315,3,4
1316,2,4
1317,3,4
1318,3,3
1319,2,3
1320,2,3
1321,3,4
1322,3,3
1323,3,3
1324,3,3
1325,3,3
1326,3,3
1327,3,3
1328,3,3
1329,3,4
1330,3,3
1331,3,3
1332,3,3
1333,3,4
1334,3,4
1335,1,3
1336,3,3
1337,3,4
1338,2,3
1339,2,3
1340,3,4
1341,3,3
1342,2,3
1343,4,3
1344,4,3
1345,2,4
1346,1,3
1347,4,3
1348,4,4
1349,4,3
1350,4,3
1351,2,3
1352,3,3
1353,2,3
1354,3,4
1355,3,3
1356,4,3
1357,3,4
1358,3,3
1359,3,3
1360,2,3
1361,4,3
1362,2,3
1363,3,3
1364,3,3
1365,2,3
1366,3,3
1367,1,3
1368,4,3
1369,3,3
1370,1,3
1371,3,3
1372,3,3
1373,3,4
1374,4,3
1375,2,3
1376,3,3
1377,3,3
1378,4,3
1379,3,3
1380,2,3
1381,2,3
1382,3,3
1383,3,3
1384,3,4
1385,3,4
1386,3,3
1387,3,3
1388,2,3
1389,3,3
1390,3,4
1391,1,3
1392,4,3
1393,4,3
1394,3,3
1395,3,4
1396,2,3
1397,3,3
1398,1,3
1399,3,4
1400,2,3
1401,4,3
1402,3,3
1403,3,3
1404,3,3
1405,4,3
1406,2,4
1407,3,3
1408,1,3
1409,4,3
1410,3,3
1411,3,3
1412,4,3
1413,2,3
1414,3,3
1415,3,4
1416,2,3
1417,3,3
1418,3,3
1419,3,3
1420,3,3
1421,4,4
1422,3,3
1423,4,3
1424,2,3
1425,3,3
1426,3,3
1427,2,3
1428,2,3
1429,2,3
1430,2,3
1431,3,3
1432,2,3
1433,2,4
1434,3,4
1435,3,3
1436,3,3
1437,2,3
1438,3,3
1439,3,3
1440,3,3
1441,2,3
1442,3,4
1443,3,3
1444,3,3
1445,4,3
1446,4,4
1447,2,4
1448,3,4
1449,3,3
1450,2,3
1451,2,3
1452,3,3
1453,4,3
1454,2,3
1455,2,3
1456,2,3
1457,2,3
1458,4,3
1459,3,3
1460,2,3
1461,3,3
1462,2,3
1463,3,3
1464,3,3
1465,2,3
1466,3,3
1467,2,3
1468,3,4
1469,2,3
1470,4,3
1471,3,3
1472,2,4
1473,3,3
1474,2,3
1475,3,3
1476,3,3
1477,3,4
1478,3,4
1479,3,4
1480,3,3
1481,2,3
1482,3,3
1483,3,3
1484,2,3
1485,3,3
1486,3,3
1487,2,3
1488,3,3
1489,2,3
1490,3,3
1491,3,3
1492,2,4
1493,3,3
1494,1,3
1495,3,3
1496,3,3
1497,3,4
1498,3,3
1499,2,3
1500,2,3
1501,2,3
1502,2,3
1503,3,3
1504,3,3
1505,3,3
1506,3,3
1507,3,3
1508,3,3
1509,2,3
1510,2,3
1511,2,3
1512,2,3
1513,3,3
1514,3,3
1515,2,4
1516,3,3
1517,3,4
1518,3,4
1519,3,4
1520,2,3
1521,2,3
1522,2,3
1523,3,4
1524,3,3
1525,3,3
1526,3,3
1527,3,4
1528,3,3
1529,3,4
1530,3,3
1531,3,4
1532,4,3
1533,4,3
1534,4,3
1535,3,3
1536,2,3
1537,3,3
1538,2,3
1539,3,3
1540,3,3
1541,3,3
1542,4,4
1543,3,3
1544,3,3
1545,3,3
1546,3,4
1547,3,3
1548,3,3
1549,3,3
1550,3,4
1551,2,3
1552,2,3
1553,3,3
1554,3,3
1555,3,3
1556,3,3
1557,4,3
1558,2,4
1559,3,3
1560,4,3
1561,1,4
1562,2,4
1563,2,3
1564,3,3
1565,2,3
1566,3,3
1567,3,4
1568,3,3
1569,3,3
1570,2,3
1571,1,4
1572,3,3
1573,1,3
1574,3,3
1575,1,3
1576,1,4
1577,4,3
1578,3,3
1579,4,3
1580,3,3
1581,2,4
1582,3,4
1583,3,3
1584,4,3
1585,3,3
1586,3,3
1587,2,3
1588,3,3
1589,3,4
1590,3,3
1591,3,4
1592,3,3
1593,3,3
1594,3,3
1595,3,3
1596,2,3
1597,3,3
1598,2,3
1599,3,3
1600,2,3
1601,2,3
1602,2,3
1603,3,3
1604,2,3
1605,2,4
1606,3,4
1607,2,3
1608,2,3
1609,3,3
1610,4,3
1611,2,4
1612,3,3
1613,1,4
1614,3,3
1615,3,3
1616,2,3
1617,2,3
1618,3,3
1619,2,4
1620,3,3
1621,3,3
1622,2,3
1623,3,4
1624,3,3
1625,2,3
1626,3,3
1627,2,3
1628,3,4
1629,3,3
1630,2,3
1631,4,4
1632,2,3
1633,3,3
1634,2,3
1635,3,3
1636,3,3
1637,3,3
1638,3,3
1639,3,4
1640,3,4
1641,2,3
1642,2,4
1643,3,3
1644,3,3
1645,4,3
1646,2,3
1647,3,3
1648,2,4
1649,3,4
1650,3,3
1651,1,4
1652,2,3
1653,4,4
1654,2,3
1655,3,3
1656,3,3
1657,3,3
1658,3,3
1659,2,3
1660,2,3
1661,3,3
1662,3,3
1663,2,3
1664,3,3
1665,3,4
1666,3,3
1667,2,3
1668,3,3
1669,3,3
1670,4,3
1671,2,3
1672,2,3
1673,2,3
1674,2,3
1675,2,3
1676,1,4
1677,3,3
1678,3,3
1679,3,3
1680,3,3
1681,3,3
1682,2,4
1683,2,3
1684,3,3
1685,3,3
1686,1,3
1687,2,3
1688,3,3
1689,1,3
1690,3,3
1691,2,3
1692,3,4
1693,3,3
1694,3,3
1695,2,3
1696,3,3
1697,3,3
1698,3,3
1699,3,3
1700,1,3
1701,3,3
1702,3,3
1703,4,3
1704,3,3
1705,4,3
1706,4,4
1707,2,4
1708,3,3
1709,1,3
1710,3,3
1711,2,3
1712,3,3
1713,3,3
1714,3,3
1715,2,3
1716,3,3
1717,3,3
1718,4,3
1719,2,3
1720,3,3
1721,3,3
1722,3,4
1723,2,3
1724,2,3
1725,1,3
1726,2,3
1727,3,3
1728,4,3
1729,3,3
1730,3,3
1731,2,4
1732,2,3
1733,4,3
1734,3,3
1735,4,3
1736,4,3
1737,3,4
1738,1,3
1739,3,3
1740,1,3
1741,2,3
1742,2,3
1743,2,4
1744,3,3
1745,3,3
1746,3,3
1747,3,3
1748,3,4
1749,4,4
1750,2,3
1751,3,3
1752,4,4
1753,2,3
1754,3,3
1755,3,3
1756,2,3
1757,2,4
1758,3,3
1759,3,3
1760,3,4
1761,3,3
1762,4,3
1763,3,3
1764,2,3
1765,3,3
1766,3,3
1767,3,3
1768,2,3
1769,3,3
1770,3,3
1771,1,3
1772,3,3
1773,2,3
1774,3,3
1775,3,3
1776,3,3
1777,3,3
1778,1,3
1779,3,3
1780,3,3
1781,3,3
1782,1,3
1783,3,3
1784,3,3
1785,3,3
1786,3,3
1787,3,3
1788,3,3
1789,3,3
1790,3,3
1791,3,3
1792,3,3
1793,2,3
1794,3,3
1795,4,3
1796,3,4
1797,4,3
1798,2,3
1799,3,3
1800,2,3
1801,1,3
1802,4,3
1803,3,3
1804,2,3
1805,4,3
1806,3,4
1807,2,3
1808,3,3
1809,4,3
1810,3,3
1811,2,3
1812,3,3
1813,2,3
1814,3,3
1815,3,3
1816,3,3
1817,3,3
1818,3,3
1819,3,3
1820,4,3
1821,4,3
1822,2,3
1823,2,4
1824,3,3
1825,2,3
1826,3,3
1827,3,4
1828,3,3
1829,3,3
1830,3,3
1831,4,3
1832,2,3
1833,2,4
1834,3,3
1835,3,4
1836,3,3
1837,4,3
1838,3,3
1839,1,3
1840,3,3
1841,3,3
1842,3,3
1843,2,3
1844,3,3
1845,2,3
1846,2,4
1847,3,3
1848,2,3
1849,4,3
1850,3,3
1851,3,3
1852,3,3
1853,3,4
1854,2,3
1855,4,3
1856,3,4
1857,3,3
1858,3,3
1859,2,3
1860,4,3
1861,1,3
1862,4,4
1863,3,3
1864,3,3
1865,3,3
1866,3,4
1867,2,3
1868,3,3
1869,2,3
1870,4,3
1871,3,3
1872,3,3
1873,3,3
1874,3,3
1875,1,3
1876,3,3
1877,3,3
1878,3,4
1879,3,3
1880,4,3
1881,3,4
1882,3,3
1883,3,3
1884,3,3
1885,2,3
1886,3,3
1887,3,4
1888,3,3
1889,3,4
1890,2,3
1891,3,3
1892,3,3
1893,2,3
1894,3,3
1895,2,3
1896,2,3
1897,3,3
1898,2,3
1899,3,3
1900,1,3
1901,3,3
1902,3,3
1903,3,3
1904,2,3
1905,3,4
1906,3,3
1907,3,3
1908,2,3
1909,3,3
1910,3,3
1911,2,3
1912,3,3
1913,1,3
1914,3,3
1915,2,3
1916,3,4
1917,1,3
1918,2,3
1919,3,3
1920,3,3
1921,3,3
1922,3,4
1923,3,3
1924,2,3
1925,3,3
1926,3,3
1927,2,4
1928,2,3
1929,3,3
1930,3,3
1931,4,3
1932,3,3
1933,2,3
1934,3,3
1935,2,3
1936,3,3
1937,3,3
1938,2,3
1939,3,3
1940,3,3
1941,3,3
1942,3,3
1943,2,3
1944,3,3
1945,3,3
1946,3,4
1947,3,4
1948,3,3
1949,3,3
1950,3,3
1951,4,3
1952,3,3
1953,3,3
1954,4,3
1955,4,4
1956,2,3
1957,4,3
1958,2,3
1959,3,3
1960,4,3
1961,2,3
1962,4,3
1963,3,3
1964,2,3
1965,3,3
1966,4,3
1967,3,3
1968,2,3
1969,1,4
1970,2,3
1971,3,3
1972,3,4
1973,4,4
1974,3,3
1975,3,3
1976,2,3
1977,4,3
1978,1,3
1979,3,3
1980,3,4
1981,3,3
1982,2,3
1983,2,3
1984,3,3
1985,3,3
1986,3,3
1987,2,3
1988,2,4
1989,2,4
1990,3,3
1991,3,3
1992,3,4
1993,2,3
1994,1,3
1995,3,3
1996,4,3
1997,3,3
1998,3,3
1999,2,3
2000,3,3
2001,4,3
2002,3,3
2003,3,3
2004,2,4
2005,3,3
2006,3,3
2007,3,3
2008,2,4
2009,2,3
2010,4,3
2011,3,3
2012,2,3
2013,3,3
2014,3,3
2015,2,3
2016,3,4
2017,3,3
2018,3,3
2019,3,3
2020,2,3
2021,4,3
2022,3,3
2023,3,3
2024,3,4
2025,3,3
2026,3,3
2027,3,3
2028,2,3
2029,3,3
2030,4,3
2031,3,3
2032,3,3
2033,3,3
2034,2,4
2035,2,3
2036,1,3
2037,4,3
2038,1,4
2039,2,3
2040,3,3
2041,4,3
2042,2,3
2043,3,3
2044,4,3
2045,3,3
2046,3,3
2047,3,3
2048,2,3
2049,1,3
2050,1,3
2051,1,3
2052,2,4
2053,3,4
2054,3,3
2055,1,3
2056,3,4
2057,3,3
2058,3,4
2059,3,3
2060,3,3
2061,3,3
2062,3,3
2063,2,3
2064,1,3
2065,3,4
2066,3,3
2067,3,3
2068,1,3
2069,3,3
2070,1,3
2071,2,3
2072,3,3
2073,2,4
2074,3,3
2075,3,3
2076,1,3
2077,4,3
2078,2,3
2079,4,3
2080,3,4
2081,3,3
2082,3,4
2083,2,4
2084,3,3
2085,2,3
2086,4,3
2087,3,3
2088,1,3
2089,2,3
2090,3,4
2091,2,3
2092,3,3
2093,3,3
2094,3,3
2095,2,3
2096,3,3
2097,1,3
2098,3,4
2099,2,3
2100,3,3
2101,2,4
2102,3,4
2103,2,3
2104,3,4
2105,3,3
2106,3,4
2107,3,3
2108,3,3
2109,4,3
2110,3,3
2111,3,3
2112,2,3
2113,3,3
2114,4,3
2115,3,3
2116,3,3
2117,3,3
2118,3,3
2119,3,3
2120,3,3
2121,4,3
2122,3,4
2123,3,3
2124,3,3
2125,3,3
2126,3,3
2127,4,4
2128,3,3
2129,1,3
2130,2,3
2131,3,3
2132,3,4
2133,3,3
2134,3,3
2135,1,3
2136,3,3
2137,3,3
2138,3,3
2139,4,3
2140,2,4
2141,3,3
2142,3,3
2143,3,3
2144,3,3
2145,3,3
2146,3,3
2147,3,4
2148,3,3
2149,3,3
2150,3,3
2151,1,3
2152,3,3
2153,2,4
2154,4,3
2155,2,3
2156,2,3
2157,2,3
2158,2,4
2159,2,3
2160,3,3
2161,2,3
2162,3,3
2163,2,3
2164,3,3
2165,3,3
2166,3,3
2167,2,3
2168,3,3
2169,3,3
2170,3,3
2171,3,4
2172,2,3
2173,2,3
2174,2,3
2175,3,3
2176,2,3
2177,4,3
2178,3,3
2179,4,3
2180,1,4
2181,3,3
2182,2,4
2183,3,3
2184,3,3
2185,3,4
2186,2,3
2187,4,3
2188,4,3
2189,3,3
2190,3,3
2191,2,3
2192,4,3
2193,1,3
2194,3,3
2195,2,3
2196,3,4
2197,3,3
2198,2,3
2199,3,3
2200,2,3
2201,3,3
2202,4,3
2203,3,3
2204,3,3
2205,3,3
2206,2,3
2207,3,3
2208,3,3
2209,3,3
2210,4,3
2211,3,4
2212,3,3
2213,3,3
2214,3,3
2215,3,3
2216,1,3
2217,2,4
2218,2,3
2219,3,3
2220,3,3
2221,2,3
2222,3,3
2223,3,3
2224,3,3
2225,3,3
2226,3,3
2227,3,3
2228,4,3
2229,1,3
2230,3,3
2231,2,3
2232,3,3
2233,3,3
2234,2,3
2235,3,4
2236,3,3
2237,3,3
2238,3,3
2239,3,3
2240,3,3
2241,3,3
2242,2,3
2243,3,3
2244,3,3
2245,2,3
2246,3,3
2247,3,3
2248,3,3
2249,3,4
2250,3,3
2251,3,3
2252,3,3
2253,2,3
2254,3,3
2255,2,3
2256,3,4
2257,1,3
2258,3,3
2259,4,3
2260,3,3
2261,3,3
2262,3,4
2263,3,4
2264,3,3
2265,3,3
2266,2,3
2267,3,3
2268,3,4
2269,3,4
2270,3,3
2271,3,3
2272,2,3
2273,2,3
2274,1,3
2275,2,4
2276,3,3
2277,3,3
2278,3,3
2279,3,4
2280,2,3
2281,3,3
2282,2,3
2283,3,3
2284,3,3
2285,1,3
2286,2,3
2287,2,3
2288,2,4
2289,2,3
2290,3,3
2291,2,3
2292,4,3
2293,2,3
2294,4,3
2295,2,3
2296,4,3
2297,3,3
2298,2,3
2299,2,3
2300,3,3
2301,3,3
2302,3,3
2303,4,3
2304,3,3
2305,2,4
2306,3,3
2307,4,3
2308,2,3
2309,3,3
2310,3,3
2311,2,3
2312,4,4
2313,4,3
2314,4,4
2315,2,3
2316,3,3
2317,4,3
2318,2,4
2319,3,3
2320,3,3
2321,3,3
2322,3,3
2323,1,3
2324,3,4
2325,2,3
2326,3,3
2327,3,3
2328,3,3
2329,2,3
2330,3,3
2331,3,3
2332,4,4
2333,2,3
2334,3,3
2335,2,3
2336,4,3
2337,3,3
2338,3,4
2339,1,3
2340,3,3
2341,3,3
2342,3,3
2343,3,3
2344,3,3
2345,3,3
2346,4,4
2347,2,3
2348,3,3
2349,3,3
2350,2,3
2351,2,4
2352,3,3
2353,3,4
2354,3,3
2355,3,3
2356,2,3
2357,3,4
2358,3,3
2359,2,3
2360,3,3
2361,3,3
2362,3,3
2363,2,4
2364,3,3
2365,3,3
2366,2,3
2367,2,3
2368,3,3
2369,3,3
2370,3,3
2371,4,3
2372,3,3
2373,2,3
2374,3,3
2375,3,3
2376,3,3
2377,2,3
2378,2,3
2379,3,3
2380,1,3
2381,3,4
2382,1,3
2383,3,4
2384,3,3
2385,2,3
2386,2,4
2387,2,3
2388,3,3
2389,2,4
2390,2,3
2391,3,3
2392,3,3
2393,3,3
2394,3,3
2395,3,3
2396,3,3
2397,3,3
2398,3,3
2399,2,3
2400,3,3
2401,2,3
2402,2,3
2403,3,3
2404,2,3
2405,2,3
2406,3,3
2407,2,4
2408,1,3
2409,4,3
2410,3,3
2411,2,3
2412,3,3
2413,2,3
2414,3,3
2415,3,3
2416,3,3
2417,1,3
2418,3,3
2419,3,4
2420,3,3
2421,1,3
2422,2,3
2423,3,3
2424,3,3
2425,3,3
2426,3,3
2427,4,3
2428,3,3
2429,1,3
2430,3,3
2431,3,3
2432,3,3
2433,1,3
2434,2,3
2435,2,3
2436,3,3
2437,3,3
2438,3,4
2439,3,3
2440,3,3
2441,1,3
2442,3,3
2443,2,3
2444,2,3
2445,3,4
2446,3,3
2447,3,3
2448,3,4
2449,3,4
2450,3,3
2451,3,3
2452,3,3
2453,2,3
2454,2,3
2455,2,3
2456,3,3
2457,3,3
2458,3,3
2459,3,3
2460,4,3
2461,2,3
2462,3,3
2463,3,4
2464,3,3
2465,2,3
2466,3,3
2467,3,3
2468,1,3
2469,3,3
2470,3,3
2471,3,3
2472,3,3
2473,3,3
2474,2,3
2475,3,3
2476,3,3
2477,3,4
2478,3,3
2479,3,3
2480,2,4
2481,4,3
2482,3,3
2483,3,3
2484,4,3
2485,2,3
2486,3,3
2487,2,3
2488,3,3
2489,2,3
2490,4,3
2491,2,3
2492,4,3
2493,3,3
2494,3,4
2495,3,3
2496,3,3
2497,2,3
2498,3,3
2499,3,3
2500,3,3
2501,3,3
2502,3,3
2503,4,4
2504,3,3
2505,2,3
2506,3,3
2507,1,3
2508,2,3
2509,3,3
2510,2,3
2511,3,3
2512,3,3
2513,2,3
2514,3,3
2515,2,3
2516,3,3
2517,3,3
2518,2,3
2519,3,3
2520,3,3
2521,1,3
2522,2,3
2523,3,3
2524,3,4
2525,3,3
2526,2,3
2527,2,3
2528,3,3
2529,3,4
2530,3,3
2531,3,3
2532,3,3
2533,3,3
2534,2,3
2535,3,4
2536,2,3
2537,3,3
2538,3,3
2539,3,3
2540,3,3
2541,4,3
2542,3,4
2543,2,3
2544,2,3
2545,2,3
2546,4,4
2547,3,4
2548,3,3
2549,3,3
2550,4,3
2551,3,3
2552,3,3
2553,2,3
2554,3,3
2555,3,3
2556,2,3
2557,4,3
2558,2,4
2559,2,3
2560,1,3
2561,3,3
2562,2,3
2563,2,4
2564,4,3
2565,3,3
2566,3,3
2567,3,4
2568,3,3
2569,3,3
2570,3,3
2571,2,4
2572,3,3
2573,4,4
2574,4,3
2575,3,3
2576,3,3
2577,3,3
2578,3,3
2579,3,3
2580,3,3
2581,3,3
2582,3,3
2583,3,3
2584,3,3
2585,3,3
2586,3,3
2587,3,4
2588,3,3
2589,3,4
2590,2,3
2591,3,3
2592,3,3
2593,3,3
2594,3,3
2595,4,3
2596,1,3
2597,3,3
2598,2,3
2599,4,3
2600,4,4
2601,4,3
2602,3,3
2603,2,3
2604,2,3
2605,1,3
2606,3,3
2607,2,3
2608,3,3
2609,3,3
2610,3,3
2611,3,3
2612,3,3
2613,2,3
2614,2,3
2615,3,3
2616,2,3
2617,3,3
2618,3,3
2619,4,3
2620,1,3
2621,3,3
2622,2,4
2623,2,3
2624,3,3
2625,2,3
2626,3,3
2627,2,3
2628,3,3
2629,3,3
2630,3,3
2631,3,3
2632,1,3
2633,1,3
2634,2,3
2635,2,3
2636,3,3
2637,3,4
2638,2,3
2639,3,3
2640,2,3
2641,3,3
2642,3,3
2643,2,3
2644,3,3
2645,3,3
2646,3,4
2647,3,3
2648,3,3
2649,3,3
2650,4,3
2651,3,3
2652,3,3
2653,2,3
2654,2,4
2655,3,4
2656,2,4
2657,3,4
2658,4,3
2659,3,3
2660,3,3
2661,3,3
2662,3,3
2663,3,3
2664,2,4
2665,2,3
2666,2,3
2667,4,3
2668,3,3
2669,2,4
2670,3,3
2671,3,3
2672,2,3
2673,3,3
2674,3,3
2675,4,3
2676,3,3
2677,3,4
2678,3,3
2679,3,3
2680,3,4
2681,2,3
2682,3,3
2683,3,3
2684,3,4
2685,3,3
2686,3,3
2687,2,3
2688,2,3
2689,3,3
2690,3,3
2691,3,3
2692,3,4
2693,3,3
2694,2,3
2695,3,3
2696,2,3
2697,3,3
2698,4,3
2699,3,3
2700,4,3
2701,3,3
2702,3,3
2703,2,3
2704,3,3
2705,3,3
2706,3,3
2707,1,3
2708,3,3
2709,3,3
2710,2,4
2711,3,3
2712,1,3
2713,3,3
2714,3,4
2715,3,3
2716,3,3
2717,2,3
2718,2,3
2719,2,3
2720,3,3
2721,2,3
2722,2,3
2723,3,3
2724,2,3
2725,3,3
2726,3,4
2727,1,3
2728,3,3
2729,2,3
2730,2,3
2731,3,3
2732,3,3
2733,1,3
2734,3,4
2735,3,3
2736,3,3
2737,3,4
2738,3,3
2739,3,4
2740,2,3
2741,3,3
2742,3,3
2743,3,3
2744,3,3
2745,3,3
2746,3,3
2747,3,3
2748,3,3
2749,3,3
2750,3,3
2751,3,3
2752,4,3
2753,2,3
2754,3,3
2755,1,4
2756,2,3
2757,3,3
2758,3,3
2759,4,3
2760,1,3
2761,3,3
2762,3,3
2763,3,3
2764,3,3
2765,3,3
2766,4,3
2767,3,3
2768,3,3
2769,3,4
2770,2,3
2771,4,4
2772,3,4
2773,2,3
2774,3,3
2775,3,3
2776,3,3
2777,2,3
2778,2,4
2779,3,4
2780,2,3
2781,4,3
2782,2,3
2783,3,3
2784,2,3
2785,3,4
2786,2,4
2787,3,4
2788,3,3
2789,2,3
2790,2,3
2791,3,4
2792,3,3
2793,3,3
2794,3,3
2795,3,3
2796,3,3
2797,3,3
2798,3,3
2799,3,4
2800,3,3
2801,3,3
2802,3,3
2803,3,4
2804,3,4
2805,1,3
2806,3,3
2807,3,4
2808,2,3
2809,2,3
2810,3,4
2811,3,3
2812,2,3
2813,4,3
2814,4,3
2815,2,4
2816,1,3
2817,4,3
2818,4,4
2819,4,3
2820,4,3
2821,2,3
2822,3,3
2823,2,3
2824,3,4
2825,3,3
2826,4,3
2827,3,4
2828,3,3
2829,3,3
2830,2,3
2831,4,3
2832,2,3
2833,3,3
2834,3,3
2835,2,3
2836,3,3
2837,1,3
2838,4,3
2839,3,3
2840,1,3
2841,3,3
2842,3,3
2843,3,4
2844,4,3
2845,2,3
2846,3,3
2847,3,3
2848,4,3
2849,3,3
2850,2,3
2851,2,3
2852,3,3
2853,3,3
2854,3,4
2855,3,4
2856,3,3
2857,3,3
2858,2,3
2859,3,3
2860,3,4
2861,1,3
2862,4,3
2863,4,3
2864,3,3
2865,3,4
2866,2,3
2867,3,3
2868,1,3
2869,3,4
2870,2,3
2871,4,3
2872,3,3
2873,3,3
2874,3,3
2875,4,3
2876,2,4
2877,3,3
2878,1,3
2879,4,3
2880,3,3
2881,3,3
2882,4,3
2883,2,3
2884,3,3
2885,3,4
2886,2,3
2887,3,3
2888,3,3
2889,3,3
2890,3,3
2891,4,4
2892,3,3
2893,4,3
2894,2,3
2895,3,3
2896,3,3
2897,2,3
2898,2,3
2899,2,3
2900,2,3
2901,3,3
2902,2,3
2903,2,4
2904,3,4
2905,3,3
2906,3,3
2907,2,3
2908,3,3
2909,3,3
2910,3,3
2911,2,3
2912,3,4
2913,3,3
2914,3,3
2915,4,3
2916,4,4
2917,2,4
2918,3,4
2919,3,3
2920,2,3
2921,2,3
2922,3,3
2923,4,3
2924,2,3
2925,2,3
2926,2,3
2927,2,3
2928,4,3
2929,3,3
2930,2,3
2931,3,3
2932,2,3
2933,3,3
2934,3,3
2935,2,3
2936,3,3
2937,2,3
2938,3,4
2939,2,3
2940,4,3
2941,3,3
2942,2,4
2943,3,3
2944,2,3
2945,3,3
2946,3,3
2947,3,4
2948,3,4
2949,3,4
2950,3,3
2951,2,3
2952,3,3
2953,3,3
2954,2,3
2955,3,3
2956,3,3
2957,2,3
2958,3,3
2959,2,3
2960,3,3
2961,3,3
2962,2,4
2963,3,3
2964,1,3
2965,3,3
2966,3,3
2967,3,4
2968,3,3
2969,2,3
2970,2,3
2971,2,3
2972,2,3
2973,3,3
2974,3,3
2975,3,3
2976,3,3
2977,3,3
2978,3,3
2979,2,3
2980,2,3
2981,2,3
2982,2,3
2983,3,3
2984,3,3
2985,2,4
2986,3,3
2987,3,4
2988,3,4
2989,3,4
2990,2,3
2991,2,3
2992,2,3
2993,3,4
2994,3,3
2995,3,3
2996,3,3
2997,3,4
2998,3,3
2999,3,4
3000,3,3
3001,3,4
3002,4,3
3003,4,3
3004,4,3
3005,3,3
3006,2,3
3007,3,3
3008,2,3
3009,3,3
3010,3,3
3011,3,3
3012,4,4
3013,3,3
3014,3,3
3015,3,3
3016,3,4
3017,3,3
3018,3,3
3019,3,3
3020,3,4
3021,2,3
3022,2,3
3023,3,3
3024,3,3
3025,3,3
3026,3,3
3027,4,3
3028,2,4
3029,3,3
3030,4,3
3031,1,4
3032,2,4
3033,2,3
3034,3,3
3035,2,3
3036,3,3
3037,3,4
3038,3,3
3039,3,3
3040,2,3
3041,1,4
3042,3,3
3043,1,3
3044,3,3
3045,1,3
3046,1,4
3047,4,3
3048,3,3
3049,4,3
3050,3,3
3051,2,4
3052,3,4
3053,3,3
3054,4,3
3055,3,3
3056,3,3
3057,2,3
3058,3,3
3059,3,4
3060,3,3
3061,3,4
3062,3,3
3063,3,3
3064,3,3
3065,3,3
3066,2,3
3067,3,3
3068,2,3
3069,3,3
3070,2,3
3071,2,3
3072,2,3
3073,3,3
3074,2,3
3075,2,4
3076,3,4
3077,2,3
3078,2,3
3079,3,3
3080,4,3
3081,2,4
3082,3,3
3083,1,4
3084,3,3
3085,3,3
3086,2,3
3087,2,3
3088,3,3
3089,2,4
3090,3,3
3091,3,3
3092,2,3
3093,3,4
3094,3,3
3095,2,3
3096,3,3
3097,2,3
3098,3,4
3099,3,3
3100,2,3
3101,4,4
3102,2,3
3103,3,3
3104,2,3
3105,3,3
3106,3,3
3107,3,3
3108,3,3
3109,3,4
3110,3,4
3111,2,3
3112,2,4
3113,3,3
3114,3,3
3115,4,3
3116,2,3
3117,3,3
3118,2,4
3119,3,4
3120,3,3
3121,1,4
3122,2,3
3123,4,4
3124,2,3
3125,3,3
3126,3,3
3127,3,3
3128,3,3
3129,2,3
3130,2,3
3131,3,3
3132,3,3
3133,2,3
3134,3,3
3135,3,4
3136,3,3
3137,2,3
3138,3,3
3139,3,3
3140,4,3
3141,2,3
3142,2,3
3143,2,3
3144,2,3
3145,2,3
3146,1,4
3147,3,3
3148,3,3
3149,3,3
3150,3,3
3151,3,3
3152,2,4
3153,2,3
3154,3,3
3155,3,3
3156,1,3
3157,2,3
3158,3,3
3159,1,3
3160,3,3
3161,2,3
3162,3,4
3163,3,3
3164,3,3
3165,2,3
3166,3,3
3167,3,3
3168,3,3
3169,3,3
3170,1,3
3171,3,3
3172,3,3
3173,4,3
3174,3,3
3175,4,3
3176,4,4
3177,2,4
3178,3,3
3179,1,3
3180,3,3
3181,2,3
3182,3,3
3183,3,3
3184,3,3
3185,2,3
3186,3,3
3187,3,3
3188,4,3
3189,2,3
3190,3,3
3191,3,3
3192,3,4
3193,2,3
3194,2,3
3195,1,3
3196,2,3
3197,3,3
3198,4,3
3199,3,3
3200,3,3
3201,2,4
3202,2,3
3203,4,3
3204,3,3
3205,4,3
3206,4,3
3207,3,4
3208,1,3
3209,3,3
3210,1,3
3211,2,3
3212,2,3
3213,2,4
3214,3,3
3215,3,3
3216,3,3
3217,3,3
3218,3,4
3219,4,4
3220,2,3
3221,3,3
3222,4,4
3223,2,3
3224,3,3
3225,3,3
3226,2,3
3227,2,4
3228,3,3
3229,3,3
3230,3,4
3231,3,3
3232,4,3
3233,3,3
3234,2,3
3235,3,3
3236,3,3
3237,3,3
3238,2,3
3239,3,3
3240,3,3
3241,1,3
3242,3,3
3243,2,3
3244,3,3
3245,3,3
3246,3,3
3247,3,3
3248,1,3
3249,3,3
3250,3,3
3251,3,3
3252,1,3
3253,3,3
3254,3,3
3255,3,3
3256,3,3
3257,3,3
3258,3,3
3259,3,3
3260,3,3
3261,3,3
3262,3,3
3263,2,3
3264,3,3
3265,4,3
3266,3,4
3267,4,3
3268,2,3
3269,3,3
3270,2,3
3271,1,3
3272,4,3
3273,3,3
3274,2,3
3275,4,3
3276,3,4
3277,2,3
3278,3,3
3279,4,3
3280,3,3
3281,2,3
3282,3,3
3283,2,3
3284,3,3
3285,3,3
3286,3,3
3287,3,3
3288,3,3
3289,3,3
3290,4,3
3291,4,3
3292,2,3
3293,2,4
3294,3,3
3295,2,3
3296,3,3
3297,3,4
3298,3,3
3299,3,3
3300,3,3
3301,4,3
3302,2,3
3303,2,4
3304,3,3
3305,3,4
3306,3,3
3307,4,3
3308,3,3
3309,1,3
3310,3,3
3311,3,3
3312,3,3
3313,2,3
3314,3,3
3315,2,3
3316,2,4
3317,3,3
3318,2,3
3319,4,3
3320,3,3
3321,3,3
3322,3,3
3323,3,4
3324,2,3
3325,4,3
3326,3,4
3327,3,3
3328,3,3
3329,2,3
3330,4,3
3331,1,3
3332,4,4
3333,3,3
3334,3,3
3335,3,3
3336,3,4
3337,2,3
3338,3,3
3339,2,3
3340,4,3
3341,3,3
3342,3,3
3343,3,3
3344,3,3
3345,1,3
3346,3,3
3347,3,3
3348,3,4
3349,3,3
3350,4,3
3351,3,4
3352,3,3
3353,3,3
3354,3,3
3355,2,3
3356,3,3
3357,3,4
3358,3,3
3359,3,4
3360,2,3
3361,3,3
3362,3,3
3363,2,3
3364,3,3
3365,2,3
3366,2,3
3367,3,3
3368,2,3
3369,3,3
3370,1,3
3371,3,3
3372,3,3
3373,3,3
3374,2,3
3375,3,4
3376,3,3
3377,3,3
3378,2,3
3379,3,3
3380,3,3
3381,2,3
3382,3,3
3383,1,3
3384,3,3
3385,2,3
3386,3,4
3387,1,3
3388,2,3
3389,3,3
3390,3,3
3391,3,3
3392,3,4
3393,3,3
3394,2,3
3395,3,3
3396,3,3
3397,2,4
3398,2,3
3399,3,3
3400,3,3
3401,4,3
3402,3,3
3403,2,3
3404,3,3
3405,2,3
3406,3,3
3407,3,3
3408,2,3
3409,3,3
3410,3,3
3411,3,3
3412,3,3
3413,2,3
3414,3,3
3415,3,3
3416,3,4
3417,3,4
3418,3,3
3419,3,3
3420,3,3
3421,4,3
3422,3,3
3423,3,3
3424,4,3
3425,4,4
3426,2,3
3427,4,3
3428,2,3
3429,3,3
3430,4,3
3431,2,3
3432,4,3
3433,3,3
3434,2,3
3435,3,3
3436,4,3
3437,3,3
3438,2,3
3439,1,4
3440,2,3
3441,3,3
3442,3,4
3443,4,4
3444,3,3
3445,3,3
3446,2,3
3447,4,3
3448,1,3
3449,3,3
3450,3,4
3451,3,3
3452,2,3
3453,2,3
3454,3,3
3455,3,3
3456,3,3
3457,2,3
3458,2,4
3459,2,4
3460,3,3
3461,3,3
3462,3,4
3463,2,3
3464,1,3
3465,3,3
3466,4,3
3467,3,3
3468,3,3
3469,2,3
3470,3,3
3471,4,3
3472,3,3
3473,3,3
3474,2,4
3475,3,3
3476,3,3
3477,3,3
3478,2,4
3479,2,3
3480,4,3
3481,3,3
3482,2,3
3483,3,3
3484,3,3
3485,2,3
3486,3,4
3487,3,3
3488,3,3
3489,3,3
3490,2,3
3491,4,3
3492,3,3
3493,3,3
3494,3,4
3495,3,3
3496,3,3
3497,3,3
3498,2,3
3499,3,3
3500,4,3
3501,3,3
3502,3,3
3503,3,3
3504,2,4
3505,2,3
3506,1,3
3507,4,3
3508,1,4
3509,2,3
3510,3,3
3511,4,3
3512,2,3
3513,3,3
3514,4,3
3515,3,3
3516,3,3
3517,3,3
3518,2,3
3519,1,3
3520,1,3
3521,1,3
3522,2,4
3523,3,4
3524,3,3
3525,1,3
3526,3,4
3527,3,3
3528,3,4
3529,3,3
3530,3,3
3531,3,3
3532,3,3
3533,2,3
3534,1,3
3535,3,4
3536,3,3
3537,3,3
3538,1,3
3539,3,3
3540,1,3
3541,2,3
3542,3,3
3543,2,4
3544,3,3
3545,3,3
3546,1,3
3547,4,3
3548,2,3
3549,4,3
3550,3,4
3551,3,3
3552,3,4
3553,2,4
3554,3,3
3555,2,3
3556,4,3
3557,3,3
3558,1,3
3559,2,3
3560,3,4
3561,2,3
3562,3,3
3563,3,3
3564,3,3
3565,2,3
3566,3,3
3567,1,3
3568,3,4
3569,2,3
3570,3,3
3571,2,4
3572,3,4
3573,2,3
3574,3,4
3575,3,3
3576,3,4
3577,3,3
3578,3,3
3579,4,3
3580,3,3
3581,3,3
3582,2,3
3583,3,3
3584,4,3
3585,3,3
3586,3,3
3587,3,3
3588,3,3
3589,3,3
3590,3,3
3591,4,3
3592,3,4
3593,3,3
3594,3,3
3595,3,3
3596,3,3
3597,4,4
3598,3,3
3599,1,3
3600,2,3
3601,3,3
3602,3,4
3603,3,3
3604,3,3
3605,1,3
3606,3,3
3607,3,3
3608,3,3
3609,4,3
3610,2,4
3611,3,3
3612,3,3
3613,3,3
3614,3,3
3615,3,3
3616,3,3
3617,3,4
3618,3,3
3619,3,3
3620,3,3
3621,1,3
3622,3,3
3623,2,4
3624,4,3
3625,2,3
3626,2,3
3627,2,3
3628,2,4
3629,2,3
3630,3,3
3631,2,3
3632,3,3
3633,2,3
3634,3,3
3635,3,3
3636,3,3
3637,2,3
3638,3,3
3639,3,3
3640,3,3
3641,3,4
3642,2,3
3643,2,3
3644,2,3
3645,3,3
3646,2,3
3647,4,3
3648,3,3
3649,4,3
3650,1,4
3651,3,3
3652,2,4
3653,3,3
3654,3,3
3655,3,4
3656,2,3
3657,4,3
3658,4,3
3659,3,3
3660,3,3
3661,2,3
3662,4,3
3663,1,3
3664,3,3
3665,2,3
3666,3,4
3667,3,3
3668,2,3
3669,3,3
3670,2,3
3671,3,3
3672,4,3
3673,3,3
3674,3,3
3675,3,3
3676,2,3
3677,3,3
3678,3,3
3679,3,3
3680,4,3
3681,3,4
3682,3,3
3683,3,3
3684,3,3
3685,3,3
3686,1,3
3687,2,4
3688,2,3
3689,3,3
3690,3,3
3691,2,3
3692,3,3
3693,3,3
3694,3,3
3695,3,3
3696,3,3
3697,3,3
3698,4,3
3699,1,3
3700,3,3
3701,2,3
3702,3,3
3703,3,3
3704,2,3
3705,3,4
3706,3,3
3707,3,3
3708,3,3
3709,3,3
3710,3,3
3711,3,3
3712,2,3
3713,3,3
3714,3,3
3715,2,3
3716,3,3
3717,3,3
3718,3,3
3719,3,4
3720,3,3
3721,3,3
3722,3,3
3723,2,3
3724,3,3
3725,2,3
3726,3,4
3727,1,3
3728,3,3
3729,4,3
3730,3,3
3731,3,3
3732,3,4
3733,3,4
3734,3,3
3735,3,3
3736,2,3
3737,3,3
3738,3,4
3739,3,4
3740,3,3
3741,3,3
3742,2,3
3743,2,3
3744,1,3
3745,2,4
3746,3,3
3747,3,3
3748,3,3
3749,3,4
3750,2,3
3751,3,3
3752,2,3
3753,3,3
3754,3,3
3755,1,3
3756,2,3
3757,2,3
3758,2,4
3759,2,3
3760,3,3
3761,2,3
3762,4,3
3763,2,3
3764,4,3
3765,2,3
3766,4,3
3767,3,3
3768,2,3
3769,2,3
3770,3,3
3771,3,3
3772,3,3
3773,4,3
3774,3,3
3775,2,4
3776,3,3
3777,4,3
3778,2,3
3779,3,3
3780,3,3
3781,2,3
3782,4,4
3783,4,3
3784,4,4
3785,2,3
3786,3,3
3787,4,3
3788,2,4
3789,3,3
3790,3,3
3791,3,3
3792,3,3
3793,1,3
3794,3,4
3795,2,3
3796,3,3
3797,3,3
3798,3,3
3799,2,3
3800,3,3
3801,3,3
3802,4,4
3803,2,3
3804,3,3
3805,2,3
3806,4,3
3807,3,3
3808,3,4
3809,1,3
3810,3,3
3811,3,3
3812,3,3
3813,3,3
3814,3,3
3815,3,3
3816,4,4
3817,2,3
3818,3,3
3819,3,3
3820,2,3
3821,2,4
3822,3,3
3823,3,4
3824,3,3
3825,3,3
3826,2,3
3827,3,4
3828,3,3
3829,2,3
3830,3,3
3831,3,3
3832,3,3
3833,2,4
3834,3,3
3835,3,3
3836,2,3
3837,2,3
3838,3,3
3839,3,3
3840,3,3
3841,4,3
3842,3,3
3843,2,3
3844,3,3
3845,3,3
3846,3,3
3847,2,3
3848,2,3
3849,3,3
3850,1,3
3851,3,4
3852,1,3
3853,3,4
3854,3,3
3855,2,3
3856,2,4
3857,2,3
3858,3,3
3859,2,4
3860,2,3
3861,3,3
3862,3,3
3863,3,3
3864,3,3
3865,3,3
3866,3,3
3867,3,3
3868,3,3
3869,2,3
3870,3,3
3871,2,3
3872,2,3
3873,3,3
3874,2,3
3875,2,3
3876,3,3
3877,2,4
3878,1,3
3879,4,3
3880,3,3
3881,2,3
3882,3,3
3883,2,3
3884,3,3
3885,3,3
3886,3,3
3887,1,3
3888,3,3
3889,3,4
3890,3,3
3891,1,3
3892,2,3
3893,3,3
3894,3,3
3895,3,3
3896,3,3
3897,4,3
3898,3,3
3899,1,3
3900,3,3
3901,3,3
3902,3,3
3903,1,3
3904,2,3
3905,2,3
3906,3,3
3907,3,3
3908,3,4
3909,3,3
3910,3,3
3911,1,3
3912,3,3
3913,2,3
3914,2,3
3915,3,4
3916,3,3
3917,3,3
3918,3,4
3919,3,4
3920,3,3
3921,3,3
3922,3,3
3923,2,3
3924,2,3
3925,2,3
3926,3,3
3927,3,3
3928,3,3
3929,3,3
3930,4,3
3931,2,3
3932,3,3
3933,3,4
3934,3,3
3935,2,3
3936,3,3
3937,3,3
3938,1,3
3939,3,3
3940,3,3
3941,3,3
3942,3,3
3943,3,3
3944,2,3
3945,3,3
3946,3,3
3947,3,4
3948,3,3
3949,3,3
3950,2,4
3951,4,3
3952,3,3
3953,3,3
3954,4,3
3955,2,3
3956,3,3
3957,2,3
3958,3,3
3959,2,3
3960,4,3
3961,2,3
3962,4,3
3963,3,3
3964,3,4
3965,3,3
3966,3,3
3967,2,3
3968,3,3
3969,3,3
3970,3,3
3971,3,3
3972,3,3
3973,4,4
3974,3,3
3975,2,3
3976,3,3
3977,1,3
3978,2,3
3979,3,3
3980,2,3
3981,3,3
3982,3,3
3983,2,3
3984,3,3
3985,2,3
3986,3,3
3987,3,3
3988,2,3
3989,3,3
3990,3,3
3991,1,3
3992,2,3
3993,3,3
3994,3,4
3995,3,3
3996,2,3
3997,2,3
3998,3,3
3999,3,4
4000,3,3
4001,3,3
4002,3,3
4003,3,3
4004,2,3
4005,3,4
4006,2,3
4007,3,3
4008,3,3
4009,3,3
4010,3,3
4011,4,3
4012,3,4
4013,2,3
4014,2,3
4015,2,3
4016,4,4
4017,3,4
4018,3,3
4019,3,3
4020,4,3
4021,3,3
4022,3,3
4023,2,3
4024,3,3
4025,3,3
4026,2,3
4027,4,3
4028,2,4
4029,2,3
4030,1,3
4031,3,3
4032,2,3
4033,2,4
4034,4,3
4035,3,3
4036,3,3
4037,3,4
4038,3,3
4039,3,3
4040,3,3
4041,2,4
4042,3,3
4043,4,4
4044,4,3
4045,3,3
4046,3,3
4047,3,3
4048,3,3
4049,3,3
4050,3,3
4051,3,3
4052,3,3
4053,3,3
4054,3,3
4055,3,3
4056,3,3
4057,3,4
4058,3,3
4059,3,4
4060,2,3
4061,3,3
4062,3,3
4063,3,3
4064,3,3
4065,4,3
4066,1,3
4067,3,3
4068,2,3
4069,4,3
4070,4,4
4071,4,3
4072,3,3
4073,2,3
4074,2,3
4075,1,3
4076,3,3
4077,2,3
4078,3,3
4079,3,3
4080,3,3
4081,3,3
4082,3,3
4083,2,3
4084,2,3
4085,3,3
4086,2,3
4087,3,3
4088,3,3
4089,4,3
4090,1,3
4091,3,3
4092,2,4
4093,2,3
4094,3,3
4095,2,3
4096,3,3
4097,2,3
4098,3,3
4099,3,3
4100,3,3
4101,3,3
4102,1,3
4103,1,3
4104,2,3
4105,2,3
4106,3,3
4107,3,4
4108,2,3
4109,3,3
4110,2,3
4111,3,3
4112,3,3
4113,2,3
4114,3,3
4115,3,3
4116,3,4
4117,3,3
4118,3,3
4119,3,3
4120,4,3
4121,3,3
4122,3,3
4123,2,3
4124,2,4
4125,3,4
4126,2,4
4127,3,4
4128,4,3
4129,3,3
4130,3,3
4131,3,3
4132,3,3
4133,3,3
4134,2,4
4135,2,3
4136,2,3
4137,4,3
4138,3,3
4139,2,4
4140,3,3
4141,3,3
4142,2,3
4143,3,3
4144,3,3
4145,4,3
4146,3,3
4147,3,4
4148,3,3
4149,3,3
4150,3,4
4151,2,3
4152,3,3
4153,3,3
4154,3,4
4155,3,3
4156,3,3
4157,2,3
4158,2,3
4159,3,3
4160,3,3
4161,3,3
4162,3,4
4163,3,3
4164,2,3
4165,3,3
4166,2,3
4167,3,3
4168,4,3
4169,3,3
4170,4,3
4171,3,3
4172,3,3
4173,2,3
4174,3,3
4175,3,3
4176,3,3
4177,1,3
4178,3,3
4179,3,3
4180,2,4
4181,3,3
4182,1,3
4183,3,3
4184,3,4
4185,3,3
4186,3,3
4187,2,3
4188,2,3
4189,2,3
4190,3,3
4191,2,3
4192,2,3
4193,3,3
4194,2,3
4195,3,3
4196,3,4
4197,1,3
4198,3,3
4199,2,3
4200,2,3
4201,3,3
4202,3,3
4203,1,3
4204,3,4
4205,3,3
4206,3,3
4207,3,4
4208,3,3
4209,3,4
4210,2,3
4211,3,3
4212,3,3
4213,3,3
4214,3,3
4215,3,3
4216,3,3
4217,3,3
4218,3,3
4219,3,3
4220,3,3
4221,3,3
4222,4,3
4223,2,3
4224,3,3
4225,1,4
4226,2,3
4227,3,3
4228,3,3
4229,4,3
4230,1,3
4231,3,3
4232,3,3
4233,3,3
4234,3,3
4235,3,3
4236,4,3
4237,3,3
4238,3,3
4239,3,4
4240,2,3
4241,4,4
4242,3,4
4243,2,3
4244,3,3
4245,3,3
4246,3,3
4247,2,3
4248,2,4
4249,3,4
4250,2,3
4251,4,3
4252,2,3
4253,3,3
4254,2,3
4255,3,4
4256,2,4
4257,3,4
4258,3,3
4259,2,3
4260,2,3
4261,3,4
4262,3,3
4263,3,3
4264,3,3
4265,3,3
4266,3,3
4267,3,3
4268,3,3
4269,3,4
4270,3,3
4271,3,3
4272,3,3
4273,3,4
4274,3,4
4275,1,3
4276,3,3
4277,3,4
4278,2,3
4279,2,3
4280,3,4
4281,3,3
4282,2,3
4283,4,3
4284,4,3
4285,2,4
4286,1,3
4287,4,3
4288,4,4
4289,4,3
4290,4,3
4291,2,3
4292,3,3
4293,2,3
4294,3,4
4295,3,3
4296,4,3
4297,3,4
4298,3,3
4299,3,3
4300,2,3
4301,4,3
4302,2,3
4303,3,3
4304,3,3
4305,2,3
4306,3,3
4307,1,3
4308,4,3
4309,3,3
4310,1,3
4311,3,3
4312,3,3
4313,3,4
4314,4,3
4315,2,3
4316,3,3
4317,3,3
4318,4,3
4319,3,3
4320,2,3
4321,2,3
4322,3,3
4323,3,3
4324,3,4
4325,3,4
4326,3,3
4327,3,3
4328,2,3
4329,3,3
4330,3,4
4331,1,3
4332,4,3
4333,4,3
4334,3,3
4335,3,4
4336,2,3
4337,3,3
4338,1,3
4339,3,4
4340,2,3
4341,4,3
4342,3,3
4343,3,3
4344,3,3
4345,4,3
4346,2,4
4347,3,3
4348,1,3
4349,4,3
4350,3,3
4351,3,3
4352,4,3
4353,2,3
4354,3,3
4355,3,4
4356,2,3
4357,3,3
4358,3,3
4359,3,3
4360,3,3
4361,4,4
4362,3,3
4363,4,3
4364,2,3
4365,3,3
4366,3,3
4367,2,3
4368,2,3
4369,2,3
4370,2,3
4371,3,3
4372,2,3
4373,2,4
4374,3,4
4375,3,3
4376,3,3
4377,2,3
4378,3,3
4379,3,3
4380,3,3
4381,2,3
4382,3,4
4383,3,3
4384,3,3
4385,4,3
4386,4,4
4387,2,4
4388,3,4
4389,3,3
4390,2,3
4391,2,3
4392,3,3
4393,4,3
4394,2,3
4395,2,3
4396,2,3
4397,2,3
4398,4,3
4399,3,3
4400,2,3
4401,3,3
4402,2,3
4403,3,3
4404,3,3
4405,2,3
4406,3,3
4407,2,3
4408,3,4
4409,2,3
4410,4,3
