EmployeeID,EnvironmentSatisfaction,JobSatisfaction,WorkLifeBalance
1,3,4,2
2,3,2,4
3,2,2,1
4,4,4,3
5,4,1,3
6,3,2,2
7,1,3,1
8,1,2,3
9,2,4,3
10,2,1,3
11,3,4,3
12,NA,4,3
13,4,1,3
14,1,2,2
15,4,4,2
16,3,4,4
17,4,3,4
18,1,4,3
19,2,2,2
20,1,1,3
21,3,2,1
22,1,2,2
23,3,3,2
24,2,3,3
25,2,4,2
26,2,4,3
27,1,1,3
28,4,4,3
29,4,3,1
30,4,4,3
31,1,2,3
32,4,4,3
33,3,1,3
34,3,2,3
35,4,2,2
36,4,4,3
37,2,4,2
38,3,2,4
39,3,3,3
40,3,2,2
41,3,NA,3
42,4,2,3
43,4,2,3
44,4,3,3
45,2,1,3
46,2,4,2
47,3,4,2
48,2,2,3
49,4,3,2
50,1,2,3
51,4,3,3
52,3,4,3
53,1,1,3
54,1,1,3
55,3,4,1
56,4,2,3
57,3,1,3
58,3,4,3
59,3,3,3
60,3,2,2
61,3,2,2
62,3,2,3
63,4,3,3
64,4,4,3
65,1,4,2
66,1,4,2
67,4,4,3
68,3,3,3
69,3,4,3
70,4,3,2
71,2,4,2
72,4,3,3
73,3,3,4
74,3,2,3
75,4,3,2
76,3,1,2
77,4,4,3
78,2,4,2
79,2,1,2
80,2,4,3
81,4,3,3
82,2,2,3
83,4,4,2
84,3,4,3
85,3,4,NA
86,4,2,3
87,3,2,3
88,3,4,2
89,4,2,3
90,2,3,3
91,1,4,3
92,4,3,2
93,3,3,3
94,3,2,3
95,1,3,1
96,3,1,3
97,4,3,4
98,3,3,3
99,1,4,3
100,1,2,3
101,4,4,3
102,1,4,3
103,4,3,3
104,4,3,3
105,1,4,2
106,4,3,3
107,3,1,3
108,3,3,4
109,1,2,3
110,4,4,3
111,3,3,3
112,NA,2,3
113,3,2,3
114,4,4,3
115,3,2,3
116,4,2,3
117,2,4,3
118,2,3,3
119,3,4,2
120,4,3,3
121,1,4,2
122,3,4,3
123,4,3,4
124,3,2,3
125,3,NA,3
126,1,2,3
127,2,3,3
128,3,4,3
129,4,1,2
130,4,2,3
131,2,1,3
132,3,2,2
133,1,2,3
134,2,3,3
135,1,1,2
136,3,3,3
137,2,1,1
138,4,4,3
139,3,3,3
140,2,4,3
141,2,3,3
142,4,1,3
143,2,3,3
144,3,1,2
145,2,3,3
146,2,1,3
147,3,1,3
148,1,1,3
149,4,3,3
150,1,4,2
151,4,4,1
152,1,3,3
153,3,4,3
154,1,1,1
155,3,3,2
156,4,4,4
157,1,2,3
158,4,3,2
159,4,4,3
160,3,3,3
161,1,4,1
162,3,4,1
163,2,3,3
164,3,2,4
165,1,4,4
166,3,1,3
167,1,4,2
168,2,3,3
169,3,4,2
170,3,1,4
171,1,4,3
172,1,3,1
173,4,3,3
174,3,3,3
175,4,3,3
176,3,4,3
177,3,2,4
178,2,3,4
179,1,4,3
180,4,2,3
181,4,3,3
182,1,3,3
183,2,1,3
184,2,3,3
185,2,4,2
186,3,3,3
187,2,4,3
188,1,2,3
189,4,4,3
190,2,3,3
191,2,3,3
192,3,3,3
193,2,4,4
194,4,1,2
195,4,2,4
196,NA,3,2
197,4,4,4
198,1,3,3
199,3,4,2
200,2,2,3
201,3,1,3
202,1,3,3
203,1,3,3
204,1,3,3
205,4,4,3
206,3,4,1
207,2,4,4
208,1,3,2
209,2,1,3
210,1,2,3
211,4,1,3
212,4,3,3
213,4,4,3
214,3,3,3
215,2,2,2
216,4,3,3
217,2,4,3
218,1,2,4
219,4,2,3
220,1,2,3
221,2,3,3
222,1,3,3
223,2,1,4
224,2,4,3
225,2,1,1
226,1,4,3
227,1,4,4
228,1,3,2
229,4,3,2
230,4,2,4
231,3,4,3
232,2,4,2
233,3,1,2
234,4,3,3
235,4,1,1
236,1,3,4
237,3,3,3
238,3,1,3
239,3,3,3
240,4,4,4
241,1,3,3
242,3,3,3
243,1,4,2
244,3,3,3
245,4,1,4
246,2,4,2
247,1,1,3
248,3,4,3
249,3,3,3
250,2,3,2
251,2,4,3
252,3,4,1
253,3,2,4
254,2,2,3
255,1,4,3
256,4,3,3
257,1,1,3
258,3,3,3
259,1,1,4
260,4,2,3
261,4,4,3
262,2,4,3
263,2,2,3
264,4,4,3
265,4,4,3
266,4,3,3
267,4,2,4
268,1,3,3
269,4,3,3
270,4,4,2
271,2,3,3
272,2,4,2
273,3,1,3
274,3,4,NA
275,4,1,3
276,4,1,3
277,3,3,3
278,2,4,2
279,1,1,3
280,4,1,2
281,4,3,3
282,4,2,3
283,1,2,3
284,1,1,3
285,3,3,4
286,1,3,3
287,4,3,2
288,3,4,2
289,3,3,3
290,3,3,3
291,4,4,3
292,2,3,3
293,2,1,4
294,3,2,1
295,3,4,2
296,4,4,2
297,4,1,1
298,4,2,3
299,4,4,3
300,4,1,4
301,NA,4,3
302,4,3,1
303,2,1,3
304,3,1,4
305,4,4,2
306,3,4,2
307,2,3,3
308,1,3,3
309,2,3,3
310,4,4,3
311,4,1,3
312,1,1,3
313,4,4,3
314,1,NA,3
315,2,3,2
316,4,1,2
317,2,4,3
318,4,1,3
319,3,4,3
320,4,1,2
321,1,1,3
322,3,1,3
323,1,4,2
324,4,3,3
325,3,2,3
326,3,1,3
327,2,4,2
328,3,1,3
329,3,2,3
330,4,3,3
331,3,3,3
332,2,1,3
333,3,3,4
334,1,1,3
335,3,4,2
336,3,2,3
337,3,3,3
338,4,2,3
339,4,3,3
340,4,4,3
341,3,3,2
342,3,2,3
343,3,3,3
344,1,3,3
345,3,4,2
346,2,3,3
347,2,2,2
348,1,1,2
349,3,4,3
350,3,4,4
351,3,4,2
352,2,1,3
353,3,4,3
354,3,3,4
355,2,2,3
356,3,4,1
357,3,3,3
358,4,4,2
359,1,3,2
360,4,2,2
361,1,1,2
362,1,1,3
363,3,1,2
364,2,4,2
365,2,4,2
366,2,4,2
367,1,4,3
368,4,1,3
369,3,3,2
370,3,4,3
371,4,3,3
372,2,4,3
373,4,4,1
374,1,4,2
375,2,4,3
376,1,1,3
377,3,1,3
378,4,3,3
379,4,2,2
380,4,4,3
381,3,1,4
382,3,1,3
383,1,4,2
384,2,2,3
385,2,2,3
386,3,4,2
387,4,4,3
388,2,3,3
389,1,4,3
390,4,2,3
391,3,4,3
392,4,4,3
393,4,4,2
394,3,4,3
395,1,2,3
396,1,1,3
397,4,4,3
398,4,2,4
399,1,4,1
400,1,4,3
401,2,1,3
402,1,4,3
403,4,4,2
404,1,2,4
405,3,3,2
406,NA,4,2
407,3,4,2
408,4,4,2
409,2,3,4
410,2,4,2
411,3,3,3
412,4,1,1
413,2,3,3
414,2,2,3
415,3,3,3
416,3,1,3
417,3,2,3
418,2,3,4
419,4,4,1
420,1,2,2
421,4,3,2
422,4,3,2
423,2,4,3
424,4,1,3
425,3,2,3
426,3,2,3
427,1,2,2
428,3,1,3
429,4,1,3
430,3,3,3
431,4,2,4
432,1,1,3
433,4,4,1
434,4,2,3
435,3,1,4
436,3,4,3
437,2,4,3
438,1,3,1
439,3,2,2
440,3,4,3
441,3,3,3
442,4,4,2
443,4,3,3
444,3,3,4
445,3,3,4
446,3,4,3
447,4,4,3
448,1,3,3
449,2,2,2
450,3,3,4
451,1,4,3
452,3,1,3
453,4,3,3
454,4,1,3
455,2,4,3
456,4,4,3
457,4,4,2
458,3,2,3
459,1,3,4
460,3,2,3
461,4,1,3
462,4,4,3
463,1,3,3
464,4,3,3
465,3,3,2
466,4,3,3
467,4,3,3
468,3,2,1
469,3,1,3
470,2,4,3
471,3,3,3
472,3,3,2
473,2,1,2
474,4,1,3
475,2,2,3
476,4,4,3
477,2,1,2
478,1,3,3
479,3,3,3
480,4,3,3
481,4,4,3
482,1,4,3
483,2,4,2
484,4,3,NA
485,1,4,3
486,3,4,3
487,1,2,1
488,3,2,3
489,2,3,3
490,NA,4,3
491,2,1,3
492,1,4,3
493,4,4,3
494,4,3,3
495,3,1,3
496,4,1,3
497,2,4,2
498,4,4,4
499,4,3,3
500,2,4,2
501,2,4,1
502,2,2,3
503,3,2,3
504,1,3,2
505,1,1,3
506,3,3,3
507,4,2,3
508,3,3,3
509,2,3,2
510,4,2,2
511,3,1,2
512,1,3,3
513,4,4,3
514,3,3,3
515,1,3,3
516,4,4,2
517,3,1,4
518,3,4,3
519,4,4,3
520,3,1,2
521,4,1,3
522,1,3,4
523,2,1,2
524,1,1,3
525,3,1,2
526,2,3,3
527,3,3,2
528,1,4,3
529,1,3,3
530,4,2,3
531,3,3,4
532,2,1,3
533,4,4,3
534,4,1,3
535,1,3,3
536,1,3,2
537,1,4,2
538,4,4,3
539,4,4,4
540,1,3,2
541,1,2,3
542,4,1,3
543,1,2,3
544,4,3,3
545,4,2,3
546,3,4,3
547,1,4,2
548,2,3,3
549,2,2,3
550,3,3,3
551,3,4,3
552,4,2,2
553,1,3,3
554,4,2,3
555,3,1,3
556,1,4,3
557,3,3,4
558,4,2,4
559,3,2,2
560,1,4,3
561,3,4,3
562,1,2,1
563,4,4,3
564,4,2,3
565,4,3,2
566,4,2,2
567,2,4,3
568,2,4,2
569,3,3,4
570,3,3,3
571,3,3,3
572,1,1,3
573,2,4,3
574,3,3,2
575,3,4,3
576,4,3,3
577,2,3,2
578,3,3,1
579,4,1,1
580,2,3,2
581,3,1,2
582,2,1,4
583,4,3,3
584,4,2,3
585,3,4,2
586,1,4,3
587,3,NA,3
588,3,4,1
589,3,2,4
590,4,1,3
591,4,4,4
592,1,3,2
593,3,1,3
594,4,1,3
595,2,4,3
596,3,1,3
597,1,3,2
598,4,4,2
599,1,3,2
600,3,3,3
601,4,3,3
602,2,4,2
603,3,4,3
604,3,1,3
605,4,3,3
606,2,3,3
607,1,1,1
608,3,1,3
609,2,2,3
610,4,1,NA
611,4,1,3
612,4,2,3
613,3,1,3
614,4,2,1
615,2,3,2
616,3,3,3
617,3,3,2
618,4,4,3
619,3,4,3
620,4,4,2
621,4,1,4
622,2,4,3
623,3,2,3
624,4,3,3
625,3,1,3
626,1,4,3
627,2,2,4
628,3,4,3
629,4,2,3
630,1,1,3
631,3,4,2
632,1,1,2
633,4,3,1
634,1,4,3
635,1,2,4
636,1,4,3
637,4,4,3
638,3,1,2
639,3,1,3
640,3,4,3
641,3,4,3
642,1,3,4
643,3,2,2
644,4,2,2
645,1,3,3
646,3,4,3
647,4,4,4
648,4,4,2
649,3,3,2
650,2,2,3
651,4,3,3
652,2,4,3
653,4,3,3
654,3,4,3
655,3,4,2
656,1,2,3
657,4,2,3
658,1,3,1
659,4,2,3
660,3,1,3
661,4,2,2
662,4,4,2
663,3,2,4
664,4,3,2
665,3,1,2
666,3,2,4
667,3,3,3
668,2,2,3
669,4,4,4
670,3,2,3
671,1,4,3
672,4,4,3
673,2,3,2
674,3,3,3
675,2,3,3
676,4,1,2
677,4,2,2
678,3,4,4
679,NA,2,3
680,3,2,3
681,1,3,3
682,4,3,3
683,3,1,3
684,1,4,3
685,4,3,3
686,4,1,4
687,3,4,3
688,4,1,3
689,4,2,3
690,2,2,2
691,2,1,3
692,1,3,3
693,4,3,2
694,3,2,3
695,4,2,4
696,1,1,4
697,3,3,2
698,4,3,3
699,4,2,3
700,3,3,3
701,4,4,2
702,3,4,3
703,3,1,3
704,3,3,3
705,3,2,3
706,2,1,3
707,3,1,4
708,4,4,2
709,3,1,2
710,2,2,3
711,1,1,2
712,4,4,3
713,3,4,3
714,4,2,2
715,4,4,4
716,4,4,3
717,4,4,3
718,1,3,2
719,4,2,3
720,1,3,3
721,2,3,3
722,2,3,3
723,3,4,4
724,4,3,2
725,4,3,3
726,3,4,4
727,3,1,3
728,4,3,2
729,1,4,4
730,2,2,3
731,4,4,2
732,3,3,3
733,2,4,4
734,3,2,2
735,3,3,3
736,1,3,NA
737,4,3,2
738,1,3,1
739,4,4,3
740,4,3,3
741,1,4,3
742,3,1,3
743,3,1,1
744,1,3,3
745,3,4,3
746,1,4,2
747,3,1,3
748,2,1,2
749,1,1,3
750,3,4,3
751,4,4,2
752,4,1,3
753,2,4,4
754,1,2,3
755,2,3,3
756,4,1,3
757,1,2,4
758,4,1,3
759,1,2,4
760,2,1,4
761,1,4,2
762,3,1,2
763,1,4,2
764,1,1,3
765,3,3,1
766,1,1,4
767,1,3,4
768,4,3,3
769,4,4,2
770,4,2,2
771,2,3,2
772,3,3,4
773,1,4,3
774,1,4,4
775,1,1,4
776,3,2,3
777,2,1,3
778,4,2,3
779,2,4,1
780,2,4,4
781,3,1,3
782,1,3,3
783,4,2,3
784,4,1,3
785,3,3,3
786,4,2,2
787,1,3,2
788,3,3,4
789,4,2,2
790,4,1,3
791,4,1,3
792,4,3,2
793,1,4,3
794,1,3,2
795,3,3,2
796,2,3,2
797,3,2,3
798,2,1,2
799,1,3,4
800,1,2,1
801,1,2,4
802,4,3,3
803,2,1,2
804,4,2,3
805,2,3,2
806,3,3,3
807,3,3,4
808,4,3,3
809,1,2,3
810,3,3,2
811,3,1,2
812,1,3,1
813,3,1,3
814,3,1,3
815,4,2,3
816,3,2,2
817,4,3,3
818,3,4,4
819,2,4,3
820,1,1,1
821,4,1,4
822,2,2,3
823,3,2,4
824,4,2,1
825,1,3,3
826,4,1,1
827,4,3,3
828,4,3,1
829,3,4,3
830,2,3,3
831,3,2,3
832,1,4,3
833,3,1,3
834,4,2,3
835,4,4,3
836,4,4,1
837,1,1,4
838,2,3,3
839,3,4,3
840,3,1,3
841,4,4,3
842,1,2,3
843,2,3,3
844,4,2,3
845,3,4,2
846,3,3,3
847,NA,3,2
848,1,1,1
849,2,1,3
850,3,3,3
851,4,1,3
852,3,2,3
853,1,1,3
854,3,4,3
855,3,2,3
856,4,1,2
857,3,1,2
858,1,4,1
859,3,4,3
860,2,NA,2
861,1,4,3
862,3,2,NA
863,2,2,4
864,2,3,3
865,2,1,3
866,1,3,3
867,4,3,3
868,1,4,4
869,3,3,3
870,4,3,3
871,1,1,3
872,4,4,3
873,2,3,2
874,4,3,2
875,4,1,3
876,4,2,3
877,3,4,2
878,4,1,1
879,3,2,3
880,2,3,2
881,2,3,3
882,2,4,3
883,2,4,2
884,2,2,2
885,3,1,3
886,1,1,3
887,4,1,3
888,3,3,3
889,3,4,3
890,3,1,2
891,2,1,3
892,4,1,3
893,2,1,3
894,2,1,2
895,3,4,3
896,2,4,4
897,4,3,3
898,3,3,3
899,1,3,3
900,3,3,3
901,3,3,2
902,1,3,1
903,4,4,3
904,4,3,4
905,4,1,3
906,2,2,1
907,3,4,2
908,1,4,3
909,3,4,3
910,NA,4,2
911,1,4,3
912,2,3,3
913,4,4,2
914,1,1,1
915,3,3,3
916,2,1,3
917,4,3,3
918,4,2,3
919,1,2,3
920,4,1,3
921,3,3,3
922,4,2,3
923,1,2,3
924,3,3,3
925,4,3,3
926,4,1,3
927,2,3,3
928,3,3,3
929,4,4,4
930,4,4,4
931,1,2,2
932,4,4,3
933,4,2,2
934,1,4,3
935,4,1,2
936,4,2,3
937,2,2,3
938,3,3,3
939,4,3,3
940,4,1,3
941,3,4,3
942,1,3,2
943,3,4,3
944,4,3,3
945,4,3,2
946,2,4,3
947,4,3,3
948,4,2,3
949,4,4,3
950,1,2,3
951,2,4,4
952,3,4,4
953,2,2,3
954,3,4,2
955,2,4,3
956,3,4,3
957,3,4,3
958,1,4,4
959,4,4,3
960,3,3,3
961,4,3,3
962,4,3,3
963,3,4,2
964,3,3,2
965,4,3,3
966,3,3,1
967,4,3,4
968,4,2,3
969,1,3,2
970,2,3,4
971,3,2,3
972,2,1,3
973,2,1,4
974,3,2,3
975,4,3,3
976,2,4,2
977,3,2,1
978,3,4,2
979,2,1,3
980,1,2,3
981,3,2,1
982,4,4,2
983,4,4,3
984,4,3,1
985,2,2,2
986,3,3,4
987,4,1,3
988,1,4,NA
989,3,4,2
990,1,3,3
991,3,4,2
992,2,2,3
993,4,3,4
994,3,1,3
995,4,4,3
996,4,2,2
997,4,4,4
998,1,1,2
999,3,2,2
1000,1,3,3
1001,4,1,3
1002,3,3,3
1003,2,2,3
1004,2,4,3
1005,3,3,3
1006,2,2,2
1007,3,1,3
1008,4,2,2
1009,3,1,3
1010,4,3,3
1011,1,3,2
1012,2,4,3
1013,4,4,3
1014,2,2,3
1015,4,3,3
1016,3,1,3
1017,1,4,3
1018,1,3,3
1019,2,2,3
1020,3,4,3
1021,4,1,3
1022,3,2,2
1023,3,2,2
1024,3,4,3
1025,4,1,3
1026,3,4,4
1027,3,3,3
1028,2,2,3
1029,3,1,2
1030,2,1,2
1031,2,4,3
1032,1,2,3
1033,4,1,2
1034,4,1,1
1035,3,4,3
1036,1,3,2
1037,2,2,1
1038,3,3,4
1039,1,3,3
1040,4,2,3
1041,4,2,4
1042,3,4,3
1043,2,3,3
1044,2,2,2
1045,2,3,4
1046,3,2,3
1047,2,1,3
1048,4,4,2
1049,1,1,3
1050,3,1,3
1051,2,4,2
1052,3,4,3
1053,1,3,3
1054,2,3,1
1055,4,1,3
1056,1,1,3
1057,3,3,4
1058,4,2,3
1059,1,4,3
1060,4,4,2
1061,4,4,4
1062,4,4,4
1063,3,3,2
1064,2,3,3
1065,4,4,2
1066,3,4,3
1067,4,3,3
1068,4,3,3
1069,3,2,2
1070,1,1,3
1071,2,3,3
1072,4,2,3
1073,1,3,3
1074,4,2,3
1075,4,4,2
1076,3,2,3
1077,4,1,2
1078,NA,4,3
1079,2,4,4
1080,2,2,3
1081,2,4,2
1082,4,2,3
1083,2,3,3
1084,2,3,3
1085,3,4,3
1086,4,1,3
1087,4,1,3
1088,4,2,3
1089,2,4,2
1090,2,4,2
1091,1,1,3
1092,2,3,2
1093,1,3,NA
1094,4,4,3
1095,2,1,3
1096,4,1,3
1097,1,4,3
1098,3,2,1
1099,3,2,3
1100,3,1,4
1101,3,4,3
1102,4,4,2
1103,1,3,2
1104,3,4,3
1105,2,3,3
1106,2,3,2
1107,3,4,3
1108,3,1,3
1109,1,3,3
1110,2,2,2
1111,3,4,3
1112,4,3,3
1113,3,2,4
1114,4,1,3
1115,1,1,3
1116,4,2,3
1117,4,4,2
1118,1,3,3
1119,2,4,4
1120,2,4,3
1121,2,4,3
1122,1,2,3
1123,2,1,1
1124,3,3,2
1125,3,1,4
1126,1,2,3
1127,1,4,2
1128,4,3,2
1129,3,1,2
1130,1,1,2
1131,3,4,3
1132,4,1,3
1133,3,4,2
1134,1,1,2
1135,3,4,3
1136,4,4,3
1137,4,4,3
1138,1,4,3
1139,1,1,2
1140,1,3,2
1141,4,3,3
1142,1,3,3
1143,4,2,3
1144,3,2,3
1145,4,4,3
1146,2,1,3
1147,4,3,3
1148,3,3,4
1149,3,1,3
1150,2,3,2
1151,4,4,4
1152,4,3,4
1153,2,2,3
1154,3,2,3
1155,4,2,2
1156,4,3,2
1157,1,3,3
1158,2,3,2
1159,4,2,3
1160,1,3,3
1161,1,3,3
1162,4,1,2
1163,4,4,3
1164,3,2,1
1165,4,3,3
1166,4,3,4
1167,2,3,3
1168,2,4,3
1169,3,2,3
1170,1,4,2
1171,2,2,3
1172,1,4,3
1173,2,3,3
1174,3,4,3
1175,3,4,3
1176,1,3,2
1177,1,4,2
1178,2,4,3
1179,3,1,3
1180,4,4,2
1181,4,1,2
1182,1,4,3
1183,4,2,3
1184,3,3,2
1185,1,4,4
1186,1,3,2
1187,4,3,1
1188,1,2,3
1189,4,3,3
1190,4,4,2
1191,3,2,3
1192,4,1,3
1193,3,4,3
1194,1,4,3
1195,2,3,3
1196,2,NA,2
1197,4,3,3
1198,3,3,NA
1199,3,3,4
1200,3,3,3
1201,3,4,3
1202,4,2,3
1203,4,1,1
1204,4,1,3
1205,2,4,2
1206,2,1,3
1207,4,3,3
1208,3,4,3
1209,4,1,3
1210,2,2,3
1211,4,2,2
1212,2,3,4
1213,2,4,1
1214,3,2,3
1215,4,3,3
1216,4,3,3
1217,1,2,3
1218,4,4,2
1219,3,1,2
1220,4,3,3
1221,4,3,3
1222,3,3,2
1223,1,2,3
1224,4,3,3
1225,NA,3,2
1226,2,4,3
1227,3,3,3
1228,2,1,3
1229,1,2,2
1230,4,4,2
1231,1,4,3
1232,4,4,3
1233,1,3,2
1234,3,1,3
1235,1,2,3
1236,3,4,3
1237,2,1,3
1238,3,3,2
1239,2,1,3
1240,3,2,3
1241,1,4,3
1242,2,1,2
1243,3,4,3
1244,4,4,4
1245,4,3,3
1246,4,4,4
1247,2,4,2
1248,4,3,2
1249,1,3,3
1250,4,4,3
1251,2,1,4
1252,3,1,3
1253,3,4,3
1254,4,1,3
1255,1,3,2
1256,4,3,3
1257,3,4,3
1258,2,3,3
1259,2,3,3
1260,2,2,3
1261,1,4,NA
1262,4,4,3
1263,1,3,3
1264,3,3,2
1265,2,1,2
1266,3,1,3
1267,3,4,2
1268,1,4,3
1269,2,1,2
1270,3,1,3
1271,4,4,2
1272,1,3,4
1273,1,4,3
1274,4,4,3
1275,2,3,2
1276,1,1,2
1277,3,3,3
1278,4,3,3
1279,2,2,3
1280,2,1,3
1281,2,1,2
1282,4,3,2
1283,1,3,2
1284,3,2,3
1285,3,2,3
1286,2,2,3
1287,2,4,3
1288,3,4,3
1289,3,1,3
1290,4,1,4
1291,1,3,4
1292,2,2,3
1293,4,4,2
1294,2,3,3
1295,1,4,3
1296,2,4,3
1297,1,2,3
1298,4,4,2
1299,3,1,3
1300,4,4,3
1301,3,4,3
1302,3,4,3
1303,3,2,2
1304,3,4,1
1305,3,2,2
1306,3,1,2
1307,2,3,3
1308,1,3,1
1309,1,3,2
1310,2,3,4
1311,4,3,2
1312,2,2,4
1313,3,1,3
1314,4,1,3
1315,4,4,3
1316,1,3,3
1317,3,4,4
1318,3,4,3
1319,1,2,2
1320,3,3,3
1321,4,4,3
1322,2,4,3
1323,1,1,2
1324,1,3,NA
1325,4,4,3
1326,2,3,3
1327,3,2,3
1328,3,4,3
1329,3,1,3
1330,2,4,3
1331,1,4,3
1332,3,4,4
1333,1,3,2
1334,3,2,4
1335,2,2,3
1336,1,3,3
1337,2,3,2
1338,3,2,2
1339,4,4,2
1340,4,3,2
1341,3,4,3
1342,3,1,2
1343,2,3,3
1344,3,4,3
1345,2,3,3
1346,3,3,3
1347,3,3,3
1348,2,2,3
1349,1,4,3
1350,4,3,4
1351,1,3,3
1352,3,4,1
1353,1,1,4
1354,3,4,2
1355,4,3,3
1356,1,3,2
1357,4,4,4
1358,4,1,3
1359,2,4,3
1360,4,1,2
1361,3,1,3
1362,2,2,3
1363,2,2,3
1364,3,2,3
1365,2,3,1
1366,2,2,1
1367,2,4,3
1368,4,3,3
1369,2,3,3
1370,2,2,2
1371,3,4,2
1372,3,3,3
1373,3,4,3
1374,4,2,1
1375,3,4,1
1376,3,4,1
1377,3,3,2
1378,3,2,3
1379,1,3,3
1380,2,4,3
1381,1,4,4
1382,3,3,3
1383,3,2,2
1384,3,1,4
1385,4,2,2
1386,3,1,3
1387,3,1,4
1388,3,1,3
1389,3,4,4
1390,2,4,2
1391,2,1,3
1392,3,4,3
1393,3,4,3
1394,4,2,3
1395,2,2,2
1396,3,3,2
1397,4,1,3
1398,4,2,3
1399,4,3,3
1400,3,2,3
1401,4,3,2
1402,4,2,3
1403,3,3,3
1404,4,2,2
1405,2,3,3
1406,4,4,4
1407,1,4,3
1408,2,1,NA
1409,2,2,3
1410,3,3,3
1411,4,3,3
1412,4,4,1
1413,3,1,3
1414,4,4,3
1415,4,3,4
1416,3,4,4
1417,2,1,3
1418,2,4,2
1419,4,2,2
1420,2,4,3
1421,4,4,1
1422,4,1,3
1423,4,4,2
1424,3,3,3
1425,4,3,3
1426,2,2,1
1427,4,1,3
1428,4,4,3
1429,3,1,2
1430,3,3,2
1431,4,4,3
1432,4,1,3
1433,4,2,4
1434,3,2,3
1435,2,4,3
1436,1,3,2
1437,3,3,3
1438,3,4,3
1439,1,4,3
1440,2,4,3
1441,3,3,4
1442,3,4,2
1443,3,4,2
1444,3,4,3
1445,2,3,2
1446,4,4,2
1447,3,4,1
1448,4,4,3
1449,1,1,4
1450,1,3,4
1451,3,2,3
1452,4,3,1
1453,3,3,3
1454,3,4,3
1455,3,1,2
1456,1,4,3
1457,3,4,3
1458,2,3,3
1459,3,4,2
1460,4,1,3
1461,3,1,2
1462,1,3,3
1463,1,3,3
1464,3,3,3
1465,3,4,3
1466,4,1,3
1467,4,4,3
1468,1,3,3
1469,4,NA,3
1470,1,3,3
1471,3,4,NA
1472,3,2,4
1473,2,2,1
1474,4,4,3
1475,4,1,3
1476,3,2,2
1477,NA,3,1
1478,1,2,3
1479,2,4,3
1480,2,1,3
1481,3,4,3
1482,4,4,3
1483,4,1,3
1484,1,2,2
1485,4,4,2
1486,3,4,4
1487,4,3,4
1488,1,4,3
1489,2,2,2
1490,1,1,3
1491,3,2,1
1492,1,2,2
1493,3,3,2
1494,2,3,3
1495,2,4,2
1496,2,4,3
1497,1,1,3
1498,4,4,3
1499,4,3,1
1500,4,4,3
1501,1,2,3
1502,4,4,3
1503,3,1,3
1504,3,2,3
1505,4,2,2
1506,4,4,3
1507,2,4,2
1508,3,2,4
1509,3,3,3
1510,3,2,2
1511,3,4,3
1512,4,2,3
1513,4,2,3
1514,4,3,3
1515,2,1,3
1516,2,4,2
1517,3,4,2
1518,2,2,3
1519,4,3,2
1520,1,2,3
1521,4,3,3
1522,3,4,3
1523,1,1,3
1524,1,1,3
1525,3,4,1
1526,4,2,3
1527,3,1,3
1528,3,4,3
1529,3,3,3
1530,3,2,2
1531,3,2,2
1532,3,2,3
1533,4,3,3
1534,4,4,NA
1535,1,4,2
1536,1,4,2
1537,4,4,3
1538,3,3,3
1539,3,4,3
1540,4,3,2
1541,2,4,2
1542,4,3,3
1543,3,3,4
1544,3,2,3
1545,4,3,2
1546,3,1,2
1547,4,4,3
1548,2,4,2
1549,2,1,2
1550,2,4,3
1551,4,3,3
1552,2,2,3
1553,4,4,2
1554,3,4,3
1555,3,4,2
1556,4,2,3
1557,3,2,3
1558,3,4,2
1559,4,2,3
1560,2,3,3
1561,1,4,3
1562,4,3,2
1563,3,3,3
1564,3,2,3
1565,1,3,1
1566,3,1,3
1567,4,3,4
1568,3,3,3
1569,1,4,3
1570,1,2,3
1571,4,4,3
1572,1,4,3
1573,4,3,3
1574,4,3,3
1575,1,4,2
1576,4,3,3
1577,3,1,3
1578,3,3,4
1579,1,2,3
1580,4,4,3
1581,3,3,3
1582,3,2,3
1583,3,2,3
1584,4,4,3
1585,3,2,3
1586,4,2,3
1587,2,4,3
1588,2,3,3
1589,3,4,2
1590,4,3,3
1591,1,4,2
1592,3,4,3
1593,4,3,4
1594,3,2,3
1595,3,1,3
1596,1,2,3
1597,2,3,NA
1598,3,4,3
1599,4,1,2
1600,4,2,3
1601,2,1,3
1602,3,2,2
1603,1,2,3
1604,2,3,3
1605,1,1,2
1606,3,3,3
1607,2,1,1
1608,4,4,3
1609,3,3,3
1610,2,4,3
1611,2,3,3
1612,4,1,3
1613,2,3,3
1614,3,1,2
1615,2,3,3
1616,2,1,3
1617,3,1,3
1618,1,1,3
1619,4,3,3
1620,1,4,2
1621,4,4,1
1622,1,3,3
1623,3,4,3
1624,1,1,1
1625,3,3,2
1626,4,4,4
1627,1,2,3
1628,4,3,2
1629,4,4,3
1630,3,3,3
1631,1,4,1
1632,3,4,1
1633,2,3,3
1634,3,2,4
1635,1,4,4
1636,3,1,3
1637,1,4,2
1638,2,3,3
1639,3,4,2
1640,3,1,4
1641,1,4,3
1642,1,3,1
1643,4,3,3
1644,3,3,3
1645,4,3,3
1646,3,4,3
1647,3,2,4
1648,2,3,4
1649,1,4,3
1650,4,2,3
1651,4,3,3
1652,1,3,3
1653,2,1,3
1654,2,3,3
1655,2,4,2
1656,3,3,3
1657,2,4,3
1658,1,2,3
1659,4,4,3
1660,2,3,NA
1661,2,3,3
1662,3,3,3
1663,2,4,4
1664,4,1,2
1665,4,2,4
1666,2,3,2
1667,4,4,4
1668,1,3,3
1669,3,4,2
1670,2,2,3
1671,3,1,3
1672,1,3,3
1673,1,3,3
1674,1,3,3
1675,4,4,3
1676,3,4,1
1677,2,4,4
1678,1,3,2
1679,2,NA,3
1680,1,2,3
1681,4,1,3
1682,4,3,3
1683,4,4,3
1684,3,3,3
1685,2,2,2
1686,4,3,3
1687,2,4,3
1688,1,2,4
1689,4,2,3
1690,1,2,3
1691,2,3,3
1692,1,3,3
1693,2,1,4
1694,2,4,3
1695,2,1,1
1696,1,4,3
1697,1,4,4
1698,1,3,2
1699,4,3,2
1700,4,2,4
1701,3,4,3
1702,2,4,2
1703,3,1,2
1704,4,3,3
1705,4,1,1
1706,1,3,4
1707,3,3,3
1708,3,1,3
1709,3,3,3
1710,4,4,4
1711,1,3,3
1712,3,3,3
1713,1,4,2
1714,3,3,3
1715,4,1,4
1716,2,4,2
1717,1,1,3
1718,3,4,3
1719,3,3,3
1720,2,3,2
1721,2,4,3
1722,3,4,1
1723,3,2,NA
1724,2,2,3
1725,1,4,3
1726,4,3,3
1727,1,1,3
1728,3,3,3
1729,1,1,4
1730,4,2,3
1731,4,4,3
1732,2,4,3
1733,2,2,3
1734,4,4,3
1735,4,4,3
1736,4,3,3
1737,4,2,4
1738,1,3,3
1739,4,3,3
1740,4,4,2
1741,2,3,3
1742,2,4,2
1743,3,1,3
1744,3,4,3
1745,4,1,3
1746,4,1,3
1747,3,3,3
1748,2,4,2
1749,1,1,3
1750,4,1,2
1751,4,3,3
1752,4,2,3
1753,1,2,3
1754,1,1,3
1755,3,3,4
1756,1,3,3
1757,4,3,2
1758,3,4,2
1759,3,3,3
1760,3,3,3
1761,4,4,3
1762,2,3,3
1763,2,1,4
1764,3,2,1
1765,3,4,2
1766,4,4,2
1767,4,1,1
1768,4,2,3
1769,4,4,3
1770,4,1,4
1771,1,4,3
1772,4,3,1
1773,2,1,3
1774,3,1,4
1775,4,4,2
1776,3,4,2
1777,2,3,3
1778,1,3,3
1779,2,3,3
1780,4,4,3
1781,4,1,3
1782,1,1,3
1783,4,4,3
1784,1,4,3
1785,2,3,2
1786,4,1,NA
1787,2,4,3
1788,4,1,3
1789,3,4,3
1790,4,1,2
1791,1,1,3
1792,3,1,3
1793,1,4,2
1794,4,3,3
1795,3,2,3
1796,3,1,3
1797,2,4,2
1798,3,1,3
1799,3,2,3
1800,4,3,3
1801,3,3,3
1802,2,1,3
1803,3,3,4
1804,1,1,3
1805,3,4,2
1806,3,2,3
1807,3,3,3
1808,4,2,3
1809,4,3,3
1810,4,4,3
1811,3,3,2
1812,3,2,3
1813,NA,3,3
1814,1,3,3
1815,3,4,2
1816,2,3,3
1817,2,2,2
1818,1,1,2
1819,3,4,3
1820,3,4,4
1821,3,4,2
1822,2,1,3
1823,3,4,3
1824,3,3,4
1825,2,2,3
1826,3,4,1
1827,3,3,3
1828,4,4,2
1829,1,3,2
1830,4,2,2
1831,1,1,2
1832,1,1,3
1833,3,1,2
1834,2,4,2
1835,2,4,2
1836,2,4,2
1837,1,4,3
1838,4,1,3
1839,3,3,2
1840,3,4,3
1841,4,3,3
1842,2,4,3
1843,4,4,1
1844,1,4,2
1845,2,4,3
1846,1,1,3
1847,3,1,3
1848,4,3,3
1849,4,2,NA
1850,4,4,3
1851,3,1,4
1852,3,1,3
1853,1,4,2
1854,2,2,3
1855,2,2,3
1856,3,4,2
1857,4,4,3
1858,2,3,3
1859,1,4,3
1860,4,2,3
1861,3,4,3
1862,4,4,3
1863,4,4,2
1864,3,4,3
1865,1,2,3
1866,1,1,3
1867,4,4,3
1868,4,2,4
1869,1,4,1
1870,1,4,3
1871,2,1,3
1872,1,4,3
1873,4,4,2
1874,1,2,4
1875,3,3,2
1876,4,4,2
1877,3,4,2
1878,4,4,2
1879,2,3,4
1880,2,4,2
1881,3,3,3
1882,4,1,1
1883,2,3,3
1884,2,2,3
1885,3,3,3
1886,3,1,3
1887,3,2,3
1888,2,3,4
1889,4,4,1
1890,1,2,2
1891,4,3,2
1892,4,3,2
1893,2,4,3
1894,4,1,3
1895,3,2,3
1896,3,2,3
1897,1,2,2
1898,3,1,3
1899,4,1,3
1900,3,3,3
1901,4,2,4
1902,1,1,3
1903,4,4,1
1904,4,2,3
1905,3,1,4
1906,3,4,3
1907,2,4,3
1908,1,3,1
1909,3,2,2
1910,3,NA,3
1911,3,3,3
1912,4,4,NA
1913,4,3,3
1914,3,3,4
1915,3,3,4
1916,3,4,3
1917,4,4,3
1918,1,3,3
1919,2,2,2
1920,3,3,4
1921,1,4,3
1922,3,1,3
1923,4,3,3
1924,4,1,3
1925,2,4,3
1926,4,4,3
1927,4,4,2
1928,3,2,3
1929,1,3,4
1930,3,2,3
1931,4,1,3
1932,4,4,3
1933,1,3,3
1934,4,3,3
1935,3,3,2
1936,4,3,3
1937,4,3,3
1938,3,2,1
1939,3,1,3
1940,2,4,3
1941,3,3,3
1942,3,3,2
1943,2,1,2
1944,4,1,3
1945,2,2,3
1946,4,4,3
1947,2,1,2
1948,1,3,3
1949,3,3,3
1950,4,3,3
1951,4,4,3
1952,1,4,3
1953,2,4,2
1954,4,3,NA
1955,1,4,3
1956,3,4,3
1957,1,2,1
1958,3,2,3
1959,2,3,3
1960,2,4,3
1961,2,1,3
1962,1,4,3
1963,4,4,3
1964,4,3,3
1965,3,1,3
1966,4,1,3
1967,2,4,2
1968,4,4,4
1969,4,3,3
1970,2,4,2
1971,2,4,1
1972,2,2,3
1973,3,2,3
1974,1,3,2
1975,1,1,3
1976,3,3,3
1977,4,2,3
1978,3,3,3
1979,2,3,2
1980,4,2,2
1981,3,1,2
1982,1,3,3
1983,4,4,3
1984,3,3,3
1985,1,3,3
1986,4,4,2
1987,3,1,4
1988,3,4,3
1989,4,4,3
1990,3,1,2
1991,4,1,3
1992,1,3,4
1993,2,1,2
1994,1,1,3
1995,3,1,2
1996,2,3,3
1997,3,3,2
1998,1,4,3
1999,1,3,3
2000,4,2,3
2001,3,3,4
2002,2,1,3
2003,4,4,3
2004,4,1,3
2005,1,3,3
2006,1,3,2
2007,1,4,2
2008,4,4,3
2009,4,4,4
2010,1,3,2
2011,1,2,3
2012,4,1,3
2013,1,2,3
2014,4,3,3
2015,4,2,3
2016,3,4,3
2017,1,4,NA
2018,2,3,3
2019,2,2,3
2020,3,3,3
2021,3,4,3
2022,4,2,2
2023,1,3,3
2024,4,2,3
2025,3,1,3
2026,1,4,3
2027,3,3,4
2028,4,2,4
2029,3,2,2
2030,1,4,3
2031,3,4,3
2032,1,2,1
2033,4,4,3
2034,4,2,3
2035,4,3,2
2036,4,2,2
2037,2,4,3
2038,2,4,2
2039,3,3,4
2040,3,3,3
2041,3,3,3
2042,1,1,3
2043,2,4,3
2044,3,3,2
2045,3,4,3
2046,4,3,3
2047,2,3,2
2048,3,3,1
2049,4,1,1
2050,2,3,2
2051,3,1,2
2052,2,1,4
2053,4,3,3
2054,4,2,3
2055,3,4,2
2056,1,4,3
2057,3,3,3
2058,3,4,1
2059,3,2,4
2060,4,1,3
2061,4,4,4
2062,1,3,2
2063,3,1,3
2064,4,1,3
2065,2,4,3
2066,3,1,3
2067,1,3,2
2068,4,4,2
2069,1,3,2
2070,3,3,3
2071,4,3,3
2072,2,4,2
2073,3,4,3
2074,3,1,3
2075,4,3,3
2076,2,3,3
2077,1,1,1
2078,3,1,3
2079,2,2,3
2080,4,1,NA
2081,4,1,3
2082,4,2,3
2083,3,1,3
2084,4,2,1
2085,2,3,2
2086,3,3,3
2087,3,3,2
2088,4,4,3
2089,3,4,3
2090,4,4,2
2091,4,1,4
2092,2,4,3
2093,3,2,3
2094,4,3,3
2095,3,1,3
2096,1,4,3
2097,2,2,4
2098,3,4,3
2099,4,2,3
2100,1,1,3
2101,3,4,2
2102,1,1,2
2103,4,3,1
2104,1,4,3
2105,1,2,4
2106,1,4,3
2107,4,4,3
2108,3,1,2
2109,3,1,3
2110,3,4,3
2111,3,4,3
2112,1,3,4
2113,3,2,2
2114,4,2,2
2115,1,3,3
2116,3,4,3
2117,4,4,4
2118,4,4,2
2119,3,3,2
2120,2,2,3
2121,4,3,3
2122,2,4,3
2123,4,3,3
2124,3,4,3
2125,3,4,2
2126,1,2,3
2127,4,2,3
2128,1,3,1
2129,4,2,3
2130,3,1,3
2131,4,2,2
2132,4,4,2
2133,3,2,4
2134,4,3,2
2135,3,1,2
2136,3,2,4
2137,3,3,3
2138,2,2,3
2139,4,4,4
2140,3,2,3
2141,1,4,3
2142,4,4,3
2143,2,3,NA
2144,3,3,3
2145,2,3,3
2146,4,1,2
2147,4,2,2
2148,3,4,4
2149,NA,2,3
2150,3,2,3
2151,1,3,3
2152,4,3,3
2153,3,1,3
2154,1,4,3
2155,4,3,3
2156,4,1,4
2157,3,4,3
2158,4,1,3
2159,4,2,3
2160,2,2,2
2161,2,1,3
2162,1,3,3
2163,4,3,2
2164,3,2,3
2165,4,2,4
2166,1,1,4
2167,3,3,2
2168,4,3,3
2169,4,2,3
2170,3,3,3
2171,4,4,2
2172,3,4,3
2173,3,1,3
2174,3,3,3
2175,3,2,3
2176,2,1,3
2177,3,1,4
2178,4,4,2
2179,3,1,2
2180,2,2,3
2181,1,1,2
2182,4,4,3
2183,3,NA,3
2184,4,2,2
2185,4,4,4
2186,4,4,3
2187,4,4,3
2188,1,3,2
2189,4,2,3
2190,1,3,3
2191,2,3,3
2192,2,3,3
2193,3,4,4
2194,4,3,2
2195,4,3,3
2196,3,4,4
2197,3,1,3
2198,4,3,2
2199,1,4,4
2200,2,2,3
2201,4,4,2
2202,3,3,3
2203,2,4,4
2204,3,2,2
2205,3,3,3
2206,1,3,2
2207,4,3,2
2208,1,3,1
2209,4,4,3
2210,4,3,3
2211,1,4,3
2212,3,1,3
2213,3,1,1
2214,1,3,3
2215,3,4,3
2216,1,4,2
2217,3,1,3
2218,2,1,2
2219,1,1,3
2220,3,4,3
2221,4,4,2
2222,4,1,3
2223,2,4,4
2224,1,2,3
2225,2,3,3
2226,4,1,3
2227,1,2,NA
2228,4,1,3
2229,1,2,4
2230,2,1,4
2231,1,4,2
2232,3,1,2
2233,1,4,2
2234,1,1,3
2235,3,3,1
2236,1,1,4
2237,1,3,4
2238,4,3,3
2239,4,4,2
2240,4,2,2
2241,2,3,2
2242,3,3,4
2243,1,4,3
2244,1,4,4
2245,1,1,4
2246,3,2,3
2247,2,1,3
2248,4,2,3
2249,2,4,1
2250,2,4,4
2251,3,1,3
2252,1,3,3
2253,4,2,3
2254,4,1,3
2255,3,3,3
2256,4,2,2
2257,1,3,2
2258,3,3,4
2259,4,2,2
2260,4,1,3
2261,4,1,3
2262,4,3,2
2263,1,4,3
2264,1,3,2
2265,3,3,2
2266,2,3,2
2267,3,2,3
2268,2,1,2
2269,1,3,4
2270,1,2,1
2271,1,2,4
2272,4,3,3
2273,2,1,2
2274,4,2,3
2275,2,3,2
2276,3,3,3
2277,3,3,4
2278,4,3,3
2279,1,2,3
2280,3,3,2
2281,3,1,2
2282,1,3,1
2283,3,1,3
2284,3,1,3
2285,4,2,3
2286,3,2,2
2287,4,3,3
2288,3,4,4
2289,2,4,3
2290,1,1,1
2291,4,1,4
2292,2,2,3
2293,3,2,4
2294,4,2,1
2295,1,3,3
2296,4,1,1
2297,4,3,3
2298,4,3,1
2299,3,4,3
2300,2,3,3
2301,3,2,3
2302,1,4,3
2303,3,1,3
2304,4,2,3
2305,4,4,3
2306,4,4,1
2307,1,1,4
2308,2,3,3
2309,3,4,3
2310,3,1,3
2311,4,4,NA
2312,1,2,3
2313,2,3,3
2314,4,2,3
2315,3,4,2
2316,3,3,3
2317,3,3,2
2318,1,1,1
2319,2,1,3
2320,3,3,3
2321,4,1,3
2322,3,2,3
2323,1,1,3
2324,3,4,3
2325,3,2,3
2326,4,1,2
2327,3,1,2
2328,1,4,1
2329,3,4,3
2330,2,4,2
2331,1,4,3
2332,3,2,3
2333,2,2,4
2334,2,3,3
2335,2,1,3
2336,1,3,3
2337,4,3,3
2338,1,4,4
2339,3,3,3
2340,4,3,3
2341,1,1,3
2342,4,4,3
2343,2,3,2
2344,4,3,2
2345,4,1,3
2346,4,2,3
2347,3,4,2
2348,4,1,1
2349,3,2,3
2350,2,3,2
2351,2,3,3
2352,2,4,3
2353,2,4,2
2354,2,2,2
2355,3,1,3
2356,1,1,3
2357,4,1,3
2358,3,3,3
2359,3,4,3
2360,3,1,2
2361,2,1,3
2362,4,1,3
2363,2,1,3
2364,2,1,2
2365,3,4,3
2366,2,4,4
2367,4,3,3
2368,3,3,3
2369,1,3,3
2370,3,3,3
2371,3,3,2
2372,1,3,1
2373,4,4,3
2374,4,3,4
2375,4,1,3
2376,2,2,1
2377,3,4,2
2378,1,4,3
2379,3,4,3
2380,NA,4,2
2381,1,4,3
2382,2,3,3
2383,4,4,2
2384,1,1,1
2385,3,3,3
2386,2,1,3
2387,4,3,3
2388,4,2,3
2389,1,2,3
2390,4,1,3
2391,3,3,3
2392,4,2,3
2393,1,2,3
2394,3,3,3
2395,4,3,NA
2396,4,1,3
2397,2,3,3
2398,3,3,3
2399,4,4,4
2400,4,4,4
2401,1,2,2
2402,4,4,3
2403,4,2,2
2404,1,4,3
2405,4,1,2
2406,4,2,3
2407,2,2,3
2408,3,3,3
2409,4,3,3
2410,4,1,3
2411,3,4,3
2412,1,3,2
2413,3,4,3
2414,4,3,3
2415,4,3,2
2416,2,4,3
2417,4,3,3
2418,4,2,3
2419,4,4,3
2420,1,2,3
2421,2,4,4
2422,3,4,4
2423,2,2,3
2424,3,4,2
2425,2,4,3
2426,3,4,3
2427,3,4,3
2428,1,4,4
2429,4,4,3
2430,3,3,3
2431,4,3,3
2432,4,3,3
2433,3,4,2
2434,3,3,2
2435,4,3,3
2436,3,3,1
2437,4,3,4
2438,4,2,3
2439,1,3,2
2440,2,3,4
2441,3,2,3
2442,2,1,3
2443,2,1,4
2444,3,2,3
2445,4,3,3
2446,2,4,2
2447,3,2,1
2448,3,4,2
2449,2,1,3
2450,1,2,3
2451,3,2,1
2452,4,4,2
2453,4,4,3
2454,4,3,1
2455,2,2,2
2456,3,3,4
2457,4,1,3
2458,1,4,3
2459,3,4,2
2460,1,3,3
2461,3,4,2
2462,2,2,3
2463,4,3,4
2464,3,1,3
2465,4,4,3
2466,4,2,2
2467,4,4,4
2468,1,1,2
2469,3,2,2
2470,1,3,3
2471,4,1,3
2472,3,3,3
2473,2,2,3
2474,2,4,3
2475,3,3,3
2476,2,2,2
2477,3,NA,3
2478,4,2,2
2479,3,1,NA
2480,4,3,3
2481,1,3,2
2482,2,4,3
2483,4,4,3
2484,2,2,3
2485,4,3,3
2486,3,1,3
2487,1,4,3
2488,1,3,3
2489,2,2,3
2490,3,4,3
2491,4,1,3
2492,3,2,2
2493,3,2,2
2494,3,4,3
2495,4,1,3
2496,3,4,4
2497,3,3,3
2498,2,2,3
2499,3,1,2
2500,2,1,2
2501,2,4,3
2502,1,2,3
2503,4,1,2
2504,4,1,1
2505,3,4,3
2506,1,3,2
2507,2,2,1
2508,3,3,4
2509,1,3,3
2510,4,2,3
2511,4,2,4
2512,3,4,3
2513,2,3,3
2514,2,2,2
2515,2,3,4
2516,3,2,3
2517,2,1,3
2518,4,4,2
2519,1,1,3
2520,3,1,3
2521,2,4,2
2522,3,4,3
2523,1,3,3
2524,2,3,1
2525,4,1,3
2526,1,1,3
2527,3,3,4
2528,4,2,3
2529,1,4,3
2530,4,4,2
2531,4,4,4
2532,4,4,4
2533,3,3,2
2534,2,3,3
2535,4,4,2
2536,3,4,3
2537,4,3,3
2538,4,3,3
2539,3,2,2
2540,1,1,3
2541,2,3,3
2542,4,2,3
2543,1,3,3
2544,4,2,3
2545,4,4,2
2546,3,2,3
2547,4,1,2
2548,4,4,3
2549,2,4,4
2550,2,2,3
2551,2,4,2
2552,4,2,3
2553,2,3,3
2554,2,3,3
2555,3,4,3
2556,4,1,3
2557,4,1,3
2558,4,2,3
2559,2,4,2
2560,2,4,2
2561,1,1,3
2562,2,3,2
2563,1,3,2
2564,4,4,3
2565,2,1,3
2566,4,1,3
2567,1,4,3
2568,3,2,1
2569,NA,2,3
2570,3,1,4
2571,3,4,3
2572,4,4,2
2573,1,3,2
2574,3,4,3
2575,2,3,3
2576,2,3,2
2577,3,4,3
2578,3,1,3
2579,1,3,3
2580,2,2,2
2581,3,4,3
2582,4,3,3
2583,3,2,4
2584,4,1,NA
2585,1,1,3
2586,4,2,3
2587,4,4,2
2588,1,3,3
2589,2,4,4
2590,2,4,3
2591,2,4,3
2592,1,2,3
2593,2,1,1
2594,3,3,2
2595,3,1,4
2596,1,2,3
2597,1,4,2
2598,4,3,2
2599,3,1,2
2600,1,1,2
2601,3,4,3
2602,4,1,3
2603,3,4,2
2604,1,1,2
2605,3,4,3
2606,4,4,3
2607,4,4,3
2608,1,4,3
2609,1,1,2
2610,1,3,2
2611,4,3,3
2612,1,3,3
2613,4,2,3
2614,3,2,3
2615,4,4,3
2616,2,1,3
2617,4,3,3
2618,3,3,4
2619,3,1,3
2620,2,3,2
2621,4,4,4
2622,4,3,4
2623,2,2,3
2624,3,2,3
2625,4,2,2
2626,4,3,2
2627,1,3,3
2628,2,3,2
2629,4,2,3
2630,1,3,3
2631,1,3,3
2632,4,1,2
2633,4,4,3
2634,3,2,1
2635,4,3,3
2636,4,3,4
2637,2,3,3
2638,2,4,3
2639,3,2,3
2640,1,4,2
2641,2,2,3
2642,1,4,3
2643,2,3,3
2644,3,4,3
2645,3,4,3
2646,1,3,2
2647,1,4,2
2648,2,4,3
2649,3,1,3
2650,4,4,2
2651,4,1,2
2652,1,4,3
2653,4,2,3
2654,3,3,2
2655,1,4,4
2656,1,3,2
2657,4,3,1
2658,1,2,3
2659,4,3,3
2660,4,4,2
2661,3,2,3
2662,4,1,3
2663,3,4,3
2664,1,4,3
2665,2,3,3
2666,2,4,2
2667,4,3,3
2668,3,3,3
2669,3,3,4
2670,3,3,3
2671,3,4,3
2672,4,2,3
2673,4,1,1
2674,4,1,3
2675,2,4,2
2676,2,1,3
2677,4,3,3
2678,3,4,3
2679,4,1,3
2680,2,2,3
2681,4,2,2
2682,2,3,4
2683,2,4,1
2684,3,2,3
2685,4,3,3
2686,4,3,3
2687,1,2,3
2688,4,4,2
2689,3,1,2
2690,4,3,3
2691,4,3,3
2692,3,3,2
2693,1,2,3
2694,4,3,3
2695,1,3,2
2696,2,4,3
2697,3,3,3
2698,2,1,3
2699,1,2,2
2700,4,4,2
2701,1,4,3
2702,4,4,3
2703,1,3,2
2704,3,1,3
2705,1,2,3
2706,3,4,3
2707,2,1,3
2708,3,NA,2
2709,2,1,3
2710,3,2,NA
2711,1,4,3
2712,2,1,2
2713,3,4,3
2714,4,4,4
2715,4,3,3
2716,4,4,4
2717,2,4,2
2718,4,3,2
2719,1,3,3
2720,4,4,3
2721,2,1,4
2722,3,1,3
2723,3,4,3
2724,4,1,3
2725,1,3,2
2726,4,3,3
2727,3,4,3
2728,2,3,3
2729,2,3,3
2730,2,2,3
2731,1,4,3
2732,4,4,3
2733,1,3,3
2734,3,3,2
2735,2,1,2
2736,3,1,3
2737,NA,4,2
2738,1,4,3
2739,2,1,2
2740,3,1,3
2741,4,4,2
2742,1,3,4
2743,1,4,3
2744,4,4,3
2745,2,3,2
2746,1,1,2
2747,3,3,3
2748,4,3,3
2749,2,2,3
2750,2,1,3
2751,2,1,2
2752,4,3,2
2753,1,3,2
2754,3,2,3
2755,3,2,3
2756,2,2,3
2757,2,4,3
2758,3,4,3
2759,3,1,3
2760,4,1,4
2761,1,3,4
2762,2,2,3
2763,4,4,2
2764,2,3,3
2765,1,4,3
2766,2,4,3
2767,1,2,3
2768,4,4,2
2769,3,1,3
2770,4,4,3
2771,3,4,3
2772,3,4,3
2773,3,2,2
2774,3,4,1
2775,3,2,2
2776,3,1,2
2777,2,3,3
2778,1,3,1
2779,1,3,2
2780,2,3,4
2781,4,3,2
2782,2,2,4
2783,3,1,3
2784,4,1,3
2785,4,4,3
2786,1,3,3
2787,3,4,4
2788,3,4,3
2789,1,2,2
2790,3,3,3
2791,4,4,3
2792,2,4,3
2793,1,1,2
2794,1,3,3
2795,4,4,3
2796,2,3,3
2797,3,2,3
2798,3,4,3
2799,3,1,3
2800,2,4,3
2801,1,4,3
2802,3,4,4
2803,1,3,2
2804,3,2,4
2805,2,2,3
2806,1,3,3
2807,2,3,2
2808,3,2,2
2809,4,4,2
2810,4,3,2
2811,3,4,3
2812,3,1,2
2813,2,3,3
2814,3,4,3
2815,2,3,3
2816,3,3,3
2817,3,3,3
2818,2,2,3
2819,1,4,3
2820,4,3,4
2821,1,3,3
2822,3,4,1
2823,1,1,4
2824,3,4,2
2825,4,3,3
2826,1,3,2
2827,4,4,4
2828,4,1,3
2829,2,4,3
2830,4,1,2
2831,3,1,3
2832,2,2,3
2833,2,2,3
2834,3,2,3
2835,2,3,1
2836,2,2,1
2837,2,4,3
2838,4,3,3
2839,2,3,3
2840,2,2,2
2841,3,4,2
2842,3,3,3
2843,3,4,3
2844,4,2,1
2845,3,4,1
2846,3,4,1
2847,3,3,2
2848,3,2,3
2849,1,3,3
2850,2,4,3
2851,1,4,4
2852,3,3,3
2853,3,2,2
2854,3,1,4
2855,4,2,2
2856,3,1,3
2857,3,1,4
2858,3,1,3
2859,3,4,4
2860,2,4,2
2861,2,1,3
2862,3,4,3
2863,3,4,3
2864,4,2,3
2865,2,2,2
2866,3,3,2
2867,4,1,3
2868,4,2,3
2869,4,3,3
2870,3,2,3
2871,4,3,2
2872,4,2,3
2873,3,3,3
2874,4,2,2
2875,2,3,3
2876,4,NA,4
2877,1,4,3
2878,2,1,2
2879,2,2,3
2880,3,3,3
2881,4,3,3
2882,4,4,1
2883,3,1,3
2884,4,4,3
2885,4,3,4
2886,3,4,4
2887,2,1,3
2888,2,4,2
2889,4,2,2
2890,2,4,3
2891,4,4,1
2892,4,1,3
2893,4,4,2
2894,3,3,3
2895,4,3,3
2896,2,2,1
2897,4,1,3
2898,4,4,3
2899,3,1,NA
2900,3,3,2
2901,4,4,3
2902,4,1,3
2903,4,2,4
2904,3,2,3
2905,2,4,3
2906,1,3,2
2907,3,3,3
2908,3,4,3
2909,1,4,3
2910,2,4,3
2911,3,3,4
2912,3,4,2
2913,3,4,2
2914,3,4,3
2915,2,3,2
2916,4,4,2
2917,3,4,1
2918,4,4,3
2919,1,1,4
2920,1,3,4
2921,3,2,3
2922,4,3,1
2923,3,3,3
2924,3,4,3
2925,3,1,2
2926,NA,4,3
2927,3,4,3
2928,2,3,3
2929,3,4,2
2930,4,1,3
2931,3,1,2
2932,1,3,3
2933,1,3,3
2934,3,3,3
2935,3,4,3
2936,4,1,3
2937,4,4,3
2938,1,3,3
2939,4,1,3
2940,1,3,3
2941,3,4,2
2942,3,2,4
2943,2,2,1
2944,4,4,3
2945,4,1,3
2946,3,2,2
2947,1,3,1
2948,1,2,3
2949,2,4,3
2950,2,1,3
2951,3,4,3
2952,4,4,3
2953,4,1,3
2954,1,2,2
2955,4,4,2
2956,3,4,4
2957,4,3,4
2958,1,4,3
2959,2,2,2
2960,1,1,3
2961,3,2,1
2962,1,2,2
2963,3,3,2
2964,2,3,3
2965,2,4,2
2966,2,4,3
2967,1,1,3
2968,4,4,3
2969,4,3,1
2970,4,4,3
2971,1,2,3
2972,4,4,3
2973,3,1,3
2974,3,2,3
2975,4,2,2
2976,4,4,3
2977,2,4,2
2978,3,2,4
2979,3,3,3
2980,3,2,2
2981,3,4,3
2982,4,2,3
2983,4,2,3
2984,4,3,3
2985,2,1,3
2986,2,4,2
2987,3,4,2
2988,2,2,3
2989,4,3,2
2990,1,2,3
2991,4,3,3
2992,3,4,3
2993,1,1,3
2994,1,1,3
2995,3,4,1
2996,4,2,3
2997,3,1,3
2998,3,4,3
2999,3,3,3
3000,3,2,2
3001,3,2,2
3002,3,2,3
3003,4,3,3
3004,4,4,3
3005,1,4,2
3006,1,4,2
3007,4,4,3
3008,3,3,3
3009,3,4,3
3010,4,3,2
3011,2,4,2
3012,4,3,3
3013,3,3,4
3014,3,2,3
3015,4,3,2
3016,3,1,2
3017,4,4,3
3018,2,4,2
3019,2,1,2
3020,2,4,3
3021,4,3,3
3022,2,2,3
3023,4,4,2
3024,3,4,3
3025,3,4,NA
3026,4,2,3
3027,3,2,3
3028,3,4,2
3029,4,2,3
3030,2,3,3
3031,1,4,3
3032,4,3,2
3033,3,3,3
3034,3,2,3
3035,1,3,1
3036,3,1,3
3037,4,3,4
3038,3,3,3
3039,1,4,3
3040,1,2,3
3041,4,4,3
3042,1,4,3
3043,4,3,3
3044,4,3,3
3045,1,4,2
3046,4,3,3
3047,3,1,3
3048,3,3,4
3049,1,2,3
3050,4,4,3
3051,3,3,3
3052,3,2,3
3053,3,2,3
3054,4,4,3
3055,3,2,3
3056,4,2,3
3057,2,4,3
3058,2,3,3
3059,3,4,2
3060,4,3,3
3061,1,4,2
3062,3,4,3
3063,4,3,4
3064,3,2,3
3065,3,1,3
3066,1,2,3
3067,2,3,3
3068,3,4,3
3069,4,1,2
3070,4,2,3
3071,2,1,3
3072,3,2,2
3073,1,2,3
3074,2,3,3
3075,1,1,2
3076,3,3,3
3077,2,1,1
3078,4,4,3
3079,3,3,3
3080,2,4,3
3081,2,3,3
3082,4,1,3
3083,2,3,3
3084,3,1,2
3085,2,3,3
3086,2,NA,3
3087,3,1,3
3088,1,1,3
3089,4,3,3
3090,1,4,2
3091,4,4,1
3092,1,3,3
3093,3,4,3
3094,1,1,1
3095,3,3,2
3096,4,4,4
3097,1,2,3
3098,4,3,2
3099,4,4,3
3100,3,3,3
3101,1,4,1
3102,3,4,1
3103,2,3,3
3104,3,2,4
3105,1,4,4
3106,3,1,3
3107,1,4,2
3108,2,3,3
3109,3,4,2
3110,3,1,4
3111,1,4,3
3112,1,3,1
3113,4,3,3
3114,3,3,3
3115,NA,3,3
3116,3,4,3
3117,3,2,4
3118,2,3,4
3119,1,4,3
3120,4,2,3
3121,4,3,3
3122,1,3,3
3123,2,1,3
3124,2,3,3
3125,2,4,2
3126,3,3,3
3127,2,4,3
3128,1,2,3
3129,4,4,3
3130,2,3,3
3131,2,3,3
3132,3,3,3
3133,2,4,4
3134,4,1,2
3135,4,2,4
3136,2,3,2
3137,4,4,4
3138,1,3,3
3139,3,4,2
3140,2,2,3
3141,3,1,3
3142,1,3,3
3143,1,3,3
3144,1,3,3
3145,4,4,3
3146,3,4,1
3147,2,4,4
3148,1,3,2
3149,2,1,3
3150,1,2,3
3151,4,1,3
3152,4,3,3
3153,4,4,3
3154,3,3,3
3155,2,2,2
3156,4,3,3
3157,2,4,3
3158,1,2,4
3159,4,2,3
3160,1,2,3
3161,2,3,3
3162,1,3,3
3163,2,1,4
3164,2,4,3
3165,2,1,1
3166,1,4,3
3167,1,4,4
3168,1,3,2
3169,4,3,2
3170,4,2,4
3171,3,4,3
3172,2,4,2
3173,3,1,2
3174,4,3,3
3175,4,1,1
3176,1,3,4
3177,3,3,3
3178,3,1,3
3179,3,3,3
3180,4,4,4
3181,1,3,3
3182,3,3,3
3183,1,4,2
3184,3,3,3
3185,4,1,4
3186,2,4,2
3187,1,1,3
3188,3,4,3
3189,3,3,3
3190,2,3,2
3191,2,4,3
3192,3,4,1
3193,3,2,4
3194,2,2,3
3195,1,4,3
3196,4,3,3
3197,1,1,3
3198,3,3,3
3199,1,1,4
3200,4,2,3
3201,4,4,3
3202,2,4,3
3203,2,2,3
3204,4,4,3
3205,4,4,3
3206,4,3,3
3207,4,2,4
3208,1,3,3
3209,4,3,3
3210,4,4,2
3211,2,3,3
3212,2,4,2
3213,3,1,3
3214,3,4,3
3215,4,1,3
3216,4,1,3
3217,3,3,3
3218,2,4,2
3219,1,1,3
3220,4,1,2
3221,4,3,3
3222,4,2,3
3223,1,2,3
3224,1,1,3
3225,3,3,4
3226,1,3,3
3227,4,3,2
3228,3,4,2
3229,3,3,3
3230,3,3,3
3231,4,4,3
3232,2,3,3
3233,2,1,4
3234,3,2,1
3235,3,4,2
3236,4,4,2
3237,4,1,1
3238,4,2,3
3239,4,4,3
3240,4,1,4
3241,1,4,3
3242,4,3,1
3243,2,1,3
3244,3,1,4
3245,4,4,2
3246,3,4,2
3247,2,3,3
3248,1,3,3
3249,2,3,3
3250,4,4,3
3251,4,1,3
3252,1,1,3
3253,4,4,3
3254,1,4,3
3255,2,3,2
3256,4,1,2
3257,2,4,3
3258,4,1,3
3259,3,4,3
3260,4,1,2
3261,1,1,3
3262,NA,1,3
3263,1,4,2
3264,4,3,3
3265,3,2,3
3266,3,1,3
3267,2,4,2
3268,3,1,3
3269,3,2,3
3270,4,3,3
3271,3,3,3
3272,2,1,3
3273,3,3,4
3274,1,1,3
3275,3,4,2
3276,3,2,3
3277,3,3,3
3278,4,2,3
3279,4,3,3
3280,4,4,3
3281,3,3,2
3282,3,2,3
3283,3,3,3
3284,1,3,3
3285,3,4,2
3286,2,3,3
3287,2,2,2
3288,1,1,2
3289,3,4,3
3290,3,4,4
3291,3,4,2
3292,2,1,3
3293,3,4,3
3294,3,3,4
3295,2,2,3
3296,3,NA,1
3297,3,3,3
3298,4,4,2
3299,1,3,2
3300,4,2,2
3301,1,1,2
3302,1,1,3
3303,3,1,2
3304,2,4,2
3305,2,4,2
3306,2,4,2
3307,1,4,3
3308,4,1,3
3309,3,3,2
3310,3,4,3
3311,4,3,3
3312,2,4,3
3313,4,4,1
3314,1,4,2
3315,2,4,3
3316,1,1,3
3317,3,1,3
3318,4,3,3
3319,4,2,2
3320,4,4,3
3321,3,1,4
3322,3,1,3
3323,1,4,2
3324,2,2,3
3325,2,2,3
3326,3,4,2
3327,4,4,3
3328,2,3,3
3329,1,4,3
3330,4,2,3
3331,3,4,3
3332,4,4,3
3333,4,4,2
3334,3,4,3
3335,1,2,3
3336,1,1,3
3337,4,4,3
3338,4,2,4
3339,1,4,1
3340,1,4,NA
3341,2,1,3
3342,1,4,3
3343,4,4,2
3344,1,2,4
3345,3,3,2
3346,4,4,2
3347,3,4,2
3348,4,4,2
3349,2,3,4
3350,2,4,2
3351,3,3,3
3352,4,1,1
3353,2,3,3
3354,2,2,3
3355,3,3,3
3356,3,1,3
3357,3,2,3
3358,2,3,4
3359,4,4,1
3360,1,2,2
3361,4,3,2
3362,4,3,2
3363,2,4,3
3364,4,1,3
3365,3,2,3
3366,3,2,3
3367,1,2,2
3368,3,1,3
3369,4,1,3
3370,3,3,3
3371,4,2,4
3372,1,1,3
3373,4,4,1
3374,4,2,3
3375,3,1,4
3376,3,4,3
3377,2,4,3
3378,1,3,1
3379,3,2,2
3380,3,4,3
3381,3,3,3
3382,4,4,2
3383,4,3,3
3384,3,3,4
3385,3,3,4
3386,3,4,3
3387,4,4,3
3388,NA,3,3
3389,2,2,2
3390,3,3,4
3391,1,4,3
3392,3,1,3
3393,4,3,3
3394,4,1,3
3395,2,4,3
3396,4,4,3
3397,4,4,2
3398,3,2,3
3399,1,3,4
3400,3,2,3
3401,4,1,3
3402,4,4,3
3403,1,3,3
3404,4,3,3
3405,3,3,2
3406,4,3,3
3407,4,3,3
3408,3,2,1
3409,3,1,3
3410,2,4,3
3411,3,3,3
3412,3,3,2
3413,2,1,2
3414,4,1,3
3415,2,2,3
3416,4,4,3
3417,2,1,2
3418,1,3,3
3419,3,3,3
3420,4,3,3
3421,4,4,3
3422,1,4,3
3423,2,4,2
3424,4,3,4
3425,1,4,3
3426,3,4,3
3427,1,2,1
3428,3,2,3
3429,2,3,3
3430,2,4,3
3431,2,1,3
3432,1,4,3
3433,4,4,3
3434,4,3,3
3435,3,1,3
3436,4,1,3
3437,2,4,2
3438,4,4,4
3439,4,3,3
3440,2,4,2
3441,2,4,1
3442,2,2,3
3443,3,2,3
3444,1,3,2
3445,1,1,3
3446,3,3,3
3447,4,2,3
3448,3,3,3
3449,2,3,2
3450,4,2,2
3451,3,1,2
3452,1,3,3
3453,4,4,3
3454,3,3,3
3455,1,3,3
3456,4,4,2
3457,3,1,4
3458,3,4,3
3459,4,4,3
3460,3,1,2
3461,4,1,3
3462,1,3,4
3463,2,1,2
3464,1,1,3
3465,3,1,2
3466,2,3,3
3467,3,3,2
3468,1,4,3
3469,1,3,3
3470,4,2,3
3471,3,3,4
3472,2,1,3
3473,4,4,3
3474,4,1,3
3475,1,3,3
3476,1,3,2
3477,1,4,2
3478,4,4,3
3479,4,4,4
3480,1,3,2
3481,1,2,3
3482,4,1,3
3483,1,2,3
3484,4,3,3
3485,4,2,3
3486,3,4,3
3487,1,4,2
3488,2,3,3
3489,2,2,3
3490,3,3,3
3491,3,4,3
3492,4,2,2
3493,1,3,3
3494,4,2,3
3495,3,1,3
3496,1,4,3
3497,3,3,4
3498,4,2,4
3499,3,2,2
3500,1,4,3
3501,3,4,3
3502,1,2,1
3503,4,4,3
3504,4,2,3
3505,4,3,2
3506,4,2,2
3507,2,4,3
3508,2,4,2
3509,3,3,4
3510,3,3,3
3511,3,3,3
3512,1,1,3
3513,2,4,3
3514,3,3,2
3515,3,4,3
3516,4,3,3
3517,2,3,2
3518,3,3,1
3519,4,1,1
3520,2,3,2
3521,3,1,2
3522,2,1,4
3523,4,3,3
3524,4,2,3
3525,3,4,2
3526,1,4,3
3527,3,NA,3
3528,3,4,1
3529,3,2,4
3530,4,1,3
3531,4,4,4
3532,1,3,2
3533,3,1,3
3534,4,1,3
3535,NA,4,3
3536,3,1,3
3537,1,3,2
3538,4,4,2
3539,1,3,2
3540,3,3,3
3541,4,3,3
3542,2,4,2
3543,3,4,3
3544,3,1,3
3545,4,3,3
3546,2,3,3
3547,1,1,1
3548,3,1,3
3549,2,2,3
3550,4,1,3
3551,4,1,3
3552,4,2,3
3553,3,1,3
3554,4,2,1
3555,2,3,2
3556,3,3,3
3557,3,3,2
3558,4,4,3
3559,3,4,3
3560,4,4,2
3561,4,1,4
3562,2,4,3
3563,3,2,3
3564,4,3,3
3565,3,1,3
3566,1,4,3
3567,2,2,4
3568,3,4,3
3569,4,2,3
3570,1,1,3
3571,3,4,2
3572,1,1,2
3573,4,3,1
3574,1,4,3
3575,1,2,4
3576,1,4,3
3577,4,4,3
3578,3,1,2
3579,3,1,3
3580,3,4,3
3581,3,4,3
3582,1,3,4
3583,3,2,2
3584,4,2,2
3585,1,3,3
3586,3,4,3
3587,4,4,4
3588,4,4,2
3589,3,3,2
3590,2,2,3
3591,4,3,3
3592,2,4,3
3593,4,3,3
3594,3,4,3
3595,3,4,2
3596,1,2,3
3597,4,2,3
3598,1,3,1
3599,4,2,3
3600,3,1,3
3601,4,2,2
3602,4,4,2
3603,3,2,4
3604,4,3,2
3605,3,1,2
3606,3,2,4
3607,3,3,3
3608,2,2,3
3609,4,4,4
3610,3,2,3
3611,1,4,3
3612,4,4,3
3613,2,3,2
3614,3,3,3
3615,2,3,3
3616,4,1,2
3617,4,2,2
3618,3,4,4
3619,2,2,3
3620,3,2,3
3621,1,3,3
3622,4,3,3
3623,3,1,3
3624,1,4,3
3625,4,3,3
3626,4,1,4
3627,3,4,3
3628,4,1,3
3629,4,2,3
3630,2,2,2
3631,2,1,3
3632,1,3,3
3633,4,3,2
3634,3,2,3
3635,4,2,4
3636,1,1,4
3637,3,3,2
3638,4,3,3
3639,4,2,3
3640,3,3,3
3641,4,4,2
3642,3,4,3
3643,3,1,3
3644,3,3,3
3645,3,2,3
3646,2,1,3
3647,3,1,4
3648,4,4,2
3649,3,1,2
3650,2,2,3
3651,1,1,2
3652,4,4,3
3653,3,4,3
3654,4,2,2
3655,4,4,NA
3656,4,4,3
3657,4,4,3
3658,1,3,2
3659,4,2,3
3660,1,3,3
3661,2,3,3
3662,2,3,3
3663,3,4,4
3664,4,3,2
3665,4,3,3
3666,3,4,4
3667,3,1,3
3668,4,3,2
3669,1,4,4
3670,2,2,3
3671,4,4,2
3672,3,3,3
3673,2,4,4
3674,3,2,2
3675,3,3,3
3676,1,3,2
3677,4,3,2
3678,1,3,1
3679,4,4,3
3680,4,3,3
3681,1,4,3
3682,NA,1,3
3683,3,1,1
3684,1,3,3
3685,3,4,3
3686,1,4,2
3687,3,1,3
3688,2,1,2
3689,1,1,3
3690,3,4,3
3691,4,4,2
3692,4,1,3
3693,2,4,4
3694,1,2,3
3695,2,3,3
3696,4,1,3
3697,1,2,4
3698,4,1,3
3699,1,2,4
3700,2,1,4
3701,1,4,2
3702,3,1,2
3703,1,4,2
3704,1,1,3
3705,3,3,1
3706,1,1,4
3707,1,3,4
3708,4,3,3
3709,4,4,2
3710,4,2,2
3711,2,3,2
3712,3,3,4
3713,1,4,3
3714,1,4,4
3715,1,1,4
3716,3,2,3
3717,2,1,3
3718,4,2,3
3719,2,4,1
3720,2,4,4
3721,3,1,3
3722,1,3,3
3723,4,2,3
3724,4,1,3
3725,3,3,3
3726,4,2,2
3727,1,3,2
3728,3,3,4
3729,4,2,2
3730,4,1,3
3731,4,1,3
3732,4,3,2
3733,1,4,3
3734,1,3,2
3735,3,3,2
3736,2,3,2
3737,3,2,3
3738,2,1,2
3739,1,3,4
3740,1,2,1
3741,1,2,4
3742,4,3,3
3743,2,1,2
3744,4,2,3
3745,2,3,2
3746,3,3,3
3747,3,3,4
3748,4,3,3
3749,1,2,3
3750,3,3,2
3751,3,1,2
3752,1,3,1
3753,3,1,3
3754,3,1,3
3755,4,2,3
3756,3,2,2
3757,4,3,3
3758,3,4,4
3759,2,4,3
3760,1,1,1
3761,4,1,4
3762,2,2,3
3763,3,2,4
3764,4,2,1
3765,1,3,3
3766,4,1,1
3767,4,3,3
3768,4,3,1
3769,3,4,3
3770,2,3,3
3771,3,2,3
3772,1,4,3
3773,3,1,3
3774,4,2,3
3775,4,4,3
3776,4,4,1
3777,1,1,4
3778,2,3,3
3779,3,NA,3
3780,3,1,3
3781,4,4,3
3782,1,2,3
3783,2,3,3
3784,4,2,3
3785,3,4,2
3786,3,3,3
3787,3,3,2
3788,1,1,1
3789,2,1,3
3790,3,3,3
3791,4,1,3
3792,3,2,3
3793,1,1,3
3794,3,4,3
3795,3,2,3
3796,4,1,2
3797,3,1,2
3798,1,4,1
3799,3,4,3
3800,2,4,2
3801,1,4,3
3802,3,2,3
3803,2,2,4
3804,2,3,3
3805,2,1,3
3806,1,3,3
3807,4,3,3
3808,1,4,4
3809,3,3,3
3810,4,3,3
3811,1,1,3
3812,4,4,3
3813,2,3,2
3814,4,3,2
3815,4,1,3
3816,4,2,3
3817,3,4,2
3818,4,1,1
3819,3,2,3
3820,2,3,2
3821,2,3,3
3822,2,4,3
3823,2,4,2
3824,2,2,2
3825,3,1,3
3826,1,1,3
3827,4,1,3
3828,3,3,3
3829,3,4,3
3830,3,1,2
3831,2,1,3
3832,4,1,3
3833,2,1,3
3834,2,1,2
3835,3,4,3
3836,2,4,4
3837,4,3,3
3838,3,3,3
3839,1,3,3
3840,3,3,3
3841,3,3,2
3842,1,3,1
3843,4,4,3
3844,4,3,4
3845,4,1,3
3846,2,2,1
3847,3,4,2
3848,1,4,3
3849,3,4,3
3850,1,4,2
3851,1,4,3
3852,2,3,3
3853,4,4,2
3854,1,1,1
3855,3,3,3
3856,2,1,3
3857,4,3,3
3858,4,2,3
3859,1,2,3
3860,4,1,3
3861,3,3,3
3862,4,2,3
3863,1,2,3
3864,3,3,3
3865,4,3,3
3866,4,1,3
3867,2,3,3
3868,3,3,3
3869,4,4,4
3870,4,4,4
3871,1,2,2
3872,4,4,3
3873,4,2,2
3874,1,4,3
3875,4,1,2
3876,4,2,3
3877,2,2,3
3878,3,3,3
3879,4,3,3
3880,4,1,3
3881,3,4,3
3882,1,3,2
3883,3,4,3
3884,4,3,3
3885,4,3,2
3886,2,4,NA
3887,4,3,3
3888,4,2,3
3889,4,4,3
3890,1,2,3
3891,2,4,4
3892,3,4,4
3893,2,2,3
3894,3,4,2
3895,2,4,3
3896,3,4,3
3897,3,4,3
3898,1,4,4
3899,4,4,3
3900,3,3,3
3901,4,3,3
3902,4,3,3
3903,3,4,2
3904,3,3,2
3905,4,3,3
3906,3,3,1
3907,4,3,4
3908,4,2,3
3909,1,3,2
3910,2,3,4
3911,3,2,3
3912,2,1,3
3913,2,1,4
3914,3,2,3
3915,4,3,3
3916,2,4,2
3917,3,2,1
3918,3,4,2
3919,2,1,3
3920,1,2,3
3921,3,2,1
3922,4,4,2
3923,4,4,3
3924,4,3,1
3925,2,2,2
3926,3,3,4
3927,4,1,3
3928,1,4,3
3929,3,4,2
3930,1,3,3
3931,3,4,2
3932,2,2,3
3933,4,3,4
3934,3,1,3
3935,4,4,3
3936,4,2,2
3937,4,4,4
3938,1,1,2
3939,3,2,2
3940,1,3,3
3941,4,1,3
3942,3,3,3
3943,2,2,3
3944,2,4,3
3945,3,3,3
3946,2,2,2
3947,3,1,3
3948,4,2,2
3949,3,1,3
3950,4,3,3
3951,1,3,2
3952,2,4,3
3953,4,4,3
3954,2,2,3
3955,4,3,3
3956,3,1,3
3957,1,4,3
3958,1,3,3
3959,2,2,3
3960,3,4,3
3961,4,1,3
3962,3,2,2
3963,3,2,2
3964,3,4,3
3965,4,1,3
3966,3,4,4
3967,3,3,3
3968,2,2,3
3969,3,1,2
3970,2,1,2
3971,2,4,3
3972,1,2,3
3973,4,1,2
3974,4,1,1
3975,3,4,3
3976,1,3,2
3977,2,2,1
3978,3,3,4
3979,1,3,3
3980,4,2,3
3981,4,2,4
3982,3,4,3
3983,2,3,3
3984,2,2,2
3985,2,3,4
3986,3,2,3
3987,2,1,3
3988,4,4,2
3989,1,1,3
3990,3,1,3
3991,2,4,2
3992,3,4,3
3993,1,3,3
3994,2,3,1
3995,4,1,3
3996,1,1,3
3997,NA,3,4
3998,4,2,3
3999,1,4,3
4000,4,4,2
4001,4,4,4
4002,4,4,4
4003,3,3,2
4004,2,3,3
4005,4,4,2
4006,3,4,3
4007,4,3,3
4008,4,3,3
4009,3,2,2
4010,1,1,3
4011,2,3,3
4012,4,2,3
4013,1,3,3
4014,4,2,3
4015,4,4,2
4016,3,2,3
4017,4,1,2
4018,4,4,3
4019,2,4,4
4020,2,2,3
4021,2,4,2
4022,4,2,3
4023,2,3,3
4024,2,3,3
4025,3,4,3
4026,4,1,3
4027,4,1,3
4028,4,2,3
4029,2,4,2
4030,2,4,2
4031,1,NA,3
4032,2,3,2
4033,1,3,2
4034,4,4,3
4035,2,1,3
4036,4,1,3
4037,1,4,3
4038,3,2,1
4039,3,2,3
4040,3,1,4
4041,3,4,3
4042,4,4,2
4043,1,3,2
4044,3,4,3
4045,2,3,3
4046,2,3,2
4047,3,4,3
4048,3,1,3
4049,1,3,3
4050,2,2,2
4051,3,4,3
4052,4,3,3
4053,3,2,4
4054,4,1,3
4055,1,1,3
4056,4,2,3
4057,4,4,2
4058,1,3,3
4059,2,4,4
4060,2,4,3
4061,2,4,3
4062,1,2,3
4063,2,1,1
4064,3,3,2
4065,3,1,4
4066,1,2,3
4067,1,4,2
4068,4,3,2
4069,3,1,2
4070,1,1,2
4071,3,4,3
4072,4,1,3
4073,3,4,2
4074,1,1,2
4075,3,4,3
4076,4,4,3
4077,4,4,3
4078,1,4,3
4079,1,1,2
4080,1,3,2
4081,4,3,3
4082,1,3,3
4083,4,2,3
4084,3,2,3
4085,4,4,3
4086,2,1,3
4087,4,3,3
4088,3,3,4
4089,3,1,3
4090,2,3,2
4091,4,4,4
4092,4,3,4
4093,2,2,3
4094,3,2,3
4095,4,2,2
4096,4,3,2
4097,1,3,3
4098,2,3,2
4099,4,2,3
4100,1,3,3
4101,1,3,3
4102,4,1,2
4103,4,4,3
4104,3,2,1
4105,4,3,3
4106,4,3,4
4107,2,3,3
4108,2,4,3
4109,3,2,3
4110,1,4,2
4111,2,2,3
4112,1,4,3
4113,2,3,3
4114,3,4,3
4115,3,4,3
4116,1,3,2
4117,1,4,NA
4118,2,4,3
4119,3,1,3
4120,4,4,2
4121,4,1,2
4122,1,4,3
4123,4,2,3
4124,3,3,2
4125,1,4,4
4126,1,3,2
4127,4,3,1
4128,1,2,3
4129,4,3,3
4130,4,4,2
4131,3,2,3
4132,4,1,3
4133,3,4,3
4134,1,4,3
4135,2,3,3
4136,2,4,2
4137,4,3,3
4138,3,3,3
4139,3,3,4
4140,3,3,3
4141,3,4,3
4142,4,2,3
4143,4,1,1
4144,4,1,3
4145,2,4,2
4146,2,1,3
4147,4,3,3
4148,3,4,3
4149,4,1,3
4150,2,2,3
4151,4,2,2
4152,2,3,4
4153,2,4,1
4154,3,2,3
4155,4,3,3
4156,4,3,3
4157,1,2,3
4158,4,4,2
4159,3,1,2
4160,4,3,3
4161,4,3,3
4162,3,3,2
4163,1,2,3
4164,4,3,3
4165,1,3,2
4166,2,4,3
4167,3,3,3
4168,2,1,3
4169,1,2,2
4170,4,4,2
4171,1,4,3
4172,4,4,3
4173,1,3,2
4174,3,1,3
4175,1,2,3
4176,3,4,3
4177,2,1,3
4178,3,3,2
4179,2,1,3
4180,3,2,3
4181,1,4,3
4182,2,1,2
4183,3,4,3
4184,4,4,4
4185,4,3,3
4186,4,4,4
4187,2,4,2
4188,4,3,2
4189,1,3,3
4190,4,4,3
4191,2,1,4
4192,3,1,3
4193,3,4,3
4194,4,1,3
4195,1,3,2
4196,4,3,3
4197,3,4,3
4198,2,3,3
4199,2,3,3
4200,2,2,3
4201,1,4,3
4202,4,4,3
4203,1,3,3
4204,3,3,2
4205,2,1,2
4206,3,1,3
4207,3,4,2
4208,1,4,3
4209,2,1,2
4210,3,1,3
4211,4,4,2
4212,1,3,4
4213,1,4,3
4214,4,4,3
4215,2,3,2
4216,1,1,2
4217,3,3,3
4218,4,3,3
4219,2,2,3
4220,2,NA,3
4221,2,1,2
4222,4,3,2
4223,1,3,2
4224,3,2,3
4225,3,2,3
4226,2,2,3
4227,2,4,3
4228,3,4,3
4229,3,1,3
4230,4,1,4
4231,1,3,4
4232,2,2,3
4233,4,4,2
4234,2,3,3
4235,1,4,3
4236,2,4,3
4237,1,2,3
4238,4,4,2
4239,3,1,3
4240,4,4,3
4241,3,4,3
4242,3,4,3
4243,3,2,2
4244,3,4,1
4245,3,2,2
4246,3,1,2
4247,2,3,3
4248,1,3,1
4249,1,3,2
4250,2,3,4
4251,4,3,2
4252,2,2,4
4253,3,1,3
4254,4,1,3
4255,4,4,3
4256,1,3,3
4257,3,4,4
4258,3,4,3
4259,1,2,2
4260,3,3,3
4261,4,4,3
4262,2,4,3
4263,1,1,2
4264,1,3,3
4265,4,4,3
4266,2,3,3
4267,3,2,3
4268,3,4,3
4269,3,1,3
4270,2,4,3
4271,1,4,3
4272,3,4,4
4273,1,3,2
4274,3,2,4
4275,2,2,3
4276,1,3,3
4277,2,3,2
4278,3,2,2
4279,4,4,2
4280,4,3,2
4281,3,4,3
4282,3,1,2
4283,2,3,3
4284,3,4,3
4285,2,3,3
4286,3,3,3
4287,3,3,3
4288,2,2,3
4289,1,4,3
4290,4,3,4
4291,1,3,3
4292,3,4,1
4293,1,1,4
4294,3,4,2
4295,4,3,3
4296,1,3,2
4297,4,4,4
4298,4,1,3
4299,2,4,3
4300,4,1,2
4301,3,1,3
4302,2,2,3
4303,2,2,3
4304,3,2,3
4305,2,3,1
4306,2,2,NA
4307,2,4,3
4308,4,3,3
4309,2,3,3
4310,2,2,2
4311,3,4,2
4312,3,3,3
4313,3,4,3
4314,4,2,1
4315,3,4,1
4316,3,4,1
4317,3,3,2
4318,3,2,3
4319,1,3,3
4320,2,4,3
4321,1,4,4
4322,3,3,3
4323,3,2,2
4324,3,1,4
4325,4,2,2
4326,3,1,3
4327,3,1,4
4328,3,1,3
4329,3,4,4
4330,2,4,2
4331,2,1,3
4332,3,4,3
4333,NA,4,3
4334,4,2,3
4335,2,2,2
4336,3,3,2
4337,4,1,3
4338,4,2,3
4339,4,3,3
4340,3,2,3
4341,4,3,2
4342,4,2,3
4343,3,3,3
4344,4,2,2
4345,2,3,3
4346,4,NA,4
4347,1,4,3
4348,2,1,2
4349,2,2,3
4350,3,3,3
4351,4,3,3
4352,4,4,1
4353,3,1,3
4354,4,4,3
4355,4,3,4
4356,3,4,4
4357,2,1,3
4358,2,4,2
4359,4,2,2
4360,2,4,3
4361,4,4,1
4362,4,1,3
4363,4,4,2
4364,3,3,3
4365,4,3,3
4366,2,2,1
4367,4,1,3
4368,4,4,3
4369,3,1,2
4370,3,3,2
4371,4,4,3
4372,4,1,3
4373,4,2,4
4374,3,2,3
4375,2,4,3
4376,1,3,2
4377,3,3,3
4378,3,4,3
4379,1,4,3
4380,2,4,3
4381,3,3,4
4382,3,4,2
4383,3,4,2
4384,3,4,3
4385,2,3,2
4386,4,4,2
4387,3,4,1
4388,4,4,3
4389,1,1,4
4390,1,3,4
4391,3,2,3
4392,4,3,1
4393,3,3,3
4394,3,4,3
4395,3,1,2
4396,1,4,3
4397,3,4,3
4398,2,3,3
4399,3,4,2
4400,4,1,3
4401,3,1,2
4402,1,3,3
4403,1,3,3
4404,3,3,3
4405,3,4,3
4406,4,1,3
4407,4,4,3
4408,1,3,3
4409,4,1,3
4410,1,3,NA
